"id","title","author_label","group_label","outcome","treatment_twfe","twfe_controls","cs_controls","additional_fes","data_structure","treatment_timing","allow_unbalanced","has_event_study","event_pre","event_post","run_csdid_nt","run_csdid_nyt","run_sa","run_gardner","outcome_description","outcome_rule","outcome_citation","outcome_collapse","notes"
9,"A Dose of Managed Care: Controlling Drug Spending in Medicaid","Dranove et al. (2021)","escalonada_controles","lnpriceperpresc","Post_avg","exp",NA,NA,"panel","staggered","FALSE","TRUE","8","9","TRUE","TRUE",NA,NA,NA,NA,NA,NA,"Stata: reghdfe lnpriceperpresc Post_avg exp [aw=wgt], absorb(state_r yq) cluster(state_r). Post_avg=1 iff any L0-L9==1. gvar_CS = yq when L0==1 (first treatment quarter, state-level mean). LX renamed to L9 (tail bin absorbed per original Stata code). NOTE: F1==1 was previously used (one quarter before treatment) — corrected to L0==1 for correct event study alignment. CS-NT gap (-0.214 vs Stata -0.202, 5.9%) is methodological: cs_controls=[] required — xformla=~exp in att_gt causes did v2.3.0 balanced-panel code path to drop early cohorts (205-216), leaving only cohorts 220,225. Panel is balanced (29 states × 26 quarters = 754 rows); base_period='universal' is now the mandatory default (Pattern 26 revised). BJS: first_stage=~exp causes SE explosion at tau9 (SE=0.834) — bjs_controls=[] (no first_stage) gives reasonable SEs (tau9 SE~0.164) and estimates very close to Stata (tau0=-0.063 vs -0.062, tau9=-0.262 vs -0.251)."
21,"The Effect of Prescription Drug Monitoring Programs on Opioid Utilization in Medicare","Buchmueller, Carey (2018)","escalonada_sem_controles","GT4pres","Post_avg",NA,NA,NA,"panel","staggered","TRUE","TRUE","4","2","TRUE","TRUE",NA,NA,NA,NA,NA,NA,"TWO SEPARATE EVENT STUDY PDFs — event_study_script.R produces: (a) event_study_com_binning.pdf (window -4 to 2, F4 bins eventhalfyear<=-4) and (b) event_study_sem_binning.pdf (window -9 to 2, separate F9-F2 dummies). CRITICAL FIX: event dummies must be 0 for never-treated states (evermustaccess==0) — otherwise never-treated states get L0=1 at halfyear=105 and dilute treatment effect by ~50%. Fix: eventhalfyear_t = ifelse(evermustaccess==1, eventhalfyear, NA). ES sample excludes NV/LA/NY/TN (es_sample_filter). Stata halfyear integers: th2012h2=105, th2012h1=104, th2011h1=102. gvar_CS: OK=102, DE/OH=104, KY/NM/WV=105, never-treated=0. MATCHES: TWFE com binning EXACT (F4=0.00067, F3=-0.00171, F2=-0.00130, L0=-0.00353); BJS EXACT (tau0=-0.00356, tau1=-0.00179, tau2=-0.00099). APPROXIMATIONS: TWFE sem L2 slightly off (R=-0.00127 vs Stata=-0.00100). SA from sunab(gvar_SA=Inf for NT). BJS via did_imputation v0.5.0 with yname/gname/tname/idname args — R package cannot estimate pre-period BJS (negative horizons silently ignored). Point estimate TWFE -0.00187 matches Stata exactly. CS-NT FIX (Round 3): Stata uses csdid2 with long2 aggregation (averages over event-time periods = dynamic). R aggte(type='simple') gave -0.00155 (14.9% gap). aggte(type='dynamic') gives -0.001888 (3.7% gap, SE=0.000859 vs Stata SE~0.00123). results.csv updated to use type='dynamic' value."
25,"Provider Supply, Utilization, and Infant Health: Evidence from a Physician Distribution Policy","Carrillo, Feres (2019)","escalonada_controles","physician_cpta","POLICY","bolsafamilia_X_date; spending_education_X_date; spending_sanitation_health_X_date; medico_preMPP_X_date; GDP_cpta_X_date; lnPopulation2010_X_date; Iliteracy_rate2010_X_date; indigenous_share2010_X_date; gini2010_X_date; unemployment_rate2010_X_date; rural_population_share2010_X_date; municipality_area_X_date; altitude_100_X_date; distance_to_capital_X_date; temperature_X_date; rainfall_X_date; amazonia_legal_X_date; semiarido_X_date",NA,"UF[date]","panel","staggered","FALSE","TRUE","4","4","TRUE","TRUE",NA,NA,NA,NA,NA,NA,"EVENT STUDY REVIEWED. All 5 estimators converge beautifully. Growing effect 0→0.12. Near-perfect TWFE/CS agreement. Carrillo, Feres (2019). Table 2 Col 5. Stata: areg physician_cpta POLICY i.UF#c.date c.(bolsafamilia spending_education spending_sanitation_health)#c.date c.(medico_preMPP)#c.date c.(GDP_cpta lnPopulation2010 ...)#c.date i.date, a(codigo) cluster(codigo). ALL controls enter as var*date interactions (NOT levels). State-specific linear trends: i.UF#c.date = UF[date] in feols. 5565 municipalities, bimonthly periods. Target: 0.116 (SE 0.009). | Outcome selection: Rule (ii) largest N. Main DiD result is physician supply (Table 4-5, N~18k). Infant health outcomes (Table 6) are supplementary/null. Audit confirmed."
44,"The Trade-Offs of Welfare Policies in Labor Markets with Informal Jobs: The Case of the Seguro Popular Program in Mexico","Bosch, Campos-Vazquez (2014)","escalonada_controles","p3","post_SP","log_pop; x_t_insured; x_t_urban; x_t_unm; x_t_inf; x_t_p50; x_t_age1; x_t_age2; x_t_gender; x_t_yrschl; x_t_industry1; x_t_industry2; x_t_industry3; x_t_industry4; x_t_industry5; x_t_industry6; x_t_industry7; x_t_industry8; x_t_industry9; x_t_industry10; x_t_industry11; x_t_industry12; x_t_industry13; x_t_industry14; x_t_industry15",NA,"ent[mydate]; ent[mydate2]; ent[mydate3]","panel","staggered","FALSE","TRUE","4","4","FALSE","TRUE","FALSE","TRUE",NA,NA,NA,NA,"EVENT STUDY REVIEWED. Bosch & Campos-Vazquez (2014). Outcome: p3 = log(pat_size_6_50) = log(employers 6-50), matching Figure 4 Panel D and event study. Collapse=1 (paper reports only distributed lag event-study, no static ATT). Stata: xtreg p3 TbL12x TbL8x Tbx Tb4x Tb8x Tb12x Tb16 log_pop x_t_* i.ent*mydate i.ent*mydate2 i.ent*mydate3 _Ix* [aw=pob2000], fe robust cluster(cvemun). State cubic trends NOW INCLUDED via ent[mydate]+ent[mydate2]+ent[mydate3]. Staggered rollout of Seguro Popular across 1392 Mexican municipalities (2002Q4-2010Q1). ALL units eventually treated — no never-treated, CS-NYT only. SA disabled (Pattern 36, CONFIRMED: SA tested and produced CIs ±2e8 for effects ±0.01; last cohort gvar=200 has ~1 municipality; 29+ collinear interactions; VCOV not PSD). Event study via custom script (es44_script.R): replicates Figure 4 Panel D distributed lag blocks."
47,"Regulatory Redistribution in the Market for Health Insurance","Clemens (2015)","unica_controles","priv_ins_cov_supp","Post_avg","kid; kidlt2; kidlt6; femhead; black; poverty_percent; sr2_femhead; sr3_femhead; sr4_femhead; sr2_black; sr3_black; sr4_black; sr2_pov; sr3_pov; sr4_pov",NA,"educ_category; ownershp; householdocc1990; workersB","repeated_cross_section","single","TRUE","TRUE","4","1","TRUE","FALSE",NA,NA,NA,NA,NA,NA,"Stata TWFE: xi: reg priv_ins_cov_supp Post_avg i.actyear i.state_fips kid* i.superregion*femhead i.superregion*i.black i.superregion*poverty_percent i.educ_category i.workersB i.ownershp i.householdocc1990. Round 4 EXACT MATCH: two fixes — (1) include all 8 actyear values (1987-1992, 1996, 1997, N=127554 not 96359); (2) add femhead+black+poverty_percent main effects (xi: i.A*B generates B main effect for both continuous and i.B factor). With 6-year sample, adding main effects worsened gap; with full 8-year sample, both fixes together give exact match (0.00%). CS-NT also improved: -0.12429 vs Stata -0.12480 (0.4% gap). TWFE event study: collinear (3 treated states, single cohort) — skipped. BJS: state×year panel with first_stage controls, SEs ~0.03-0.05. Standalone script: id47_script.R."
60,"Multimarket Contact in the Hospital Industry","Schmitt (2018)","escalonada_controles","lnprnonmed","post","lncmi; pctmcaid; lnbeds; fp; hhi; sysoth",NA,NA,"panel","staggered","FALSE","TRUE","4","4","TRUE","TRUE",NA,NA,NA,NA,NA,NA,"EVENT STUDY REVIEWED. All 5 estimators converge. Stable positive effect ~0.05-0.07. Slight pre-trend drift at h=-4. Schmitt (2018). Stata: areg lnprnonmed post lncmi pctmcaid lnbeds fp hhi sysoth i.year [aw=dis_tot], absorb(h) cluster(h) if indirect==0. Staggered adoption: different hospitals treated in different years (2000-2010). 347 treated, 3032 never-treated. Outcome = log non-medical hospital prices. SENSITIVITY: CS-NT+fp+sysoth (binary dummies) improves pre-trends relative to unconditional CS-NT — use in discussion chapter to illustrate when controls help."
61,"Giving Mom a Break: The Impact of Higher EITC Payments on Maternal Health","Evans, Garthwaite (2014)","unica_sem_controles","excel_vgood","dd_treatment","twoplus_kids; eitc_expand",NA,NA,"repeated_cross_section","single","TRUE","FALSE",NA,NA,"TRUE","FALSE",NA,NA,NA,NA,NA,NA,"Stata: reg excel_vgood dd_treatment twoplus_kids eitc_expand if educ<=2, cluster(fips). Individual BRFSS survey data. Treatment = EITC expansion interacted with 2+ kids. Single adoption 1995. TWFE fix (Round 3): Stata uses plain OLS with NO unit/time FEs (treatment dd_treatment already encodes DiD variation). Template incorrectly added fips+year FEs giving 0.01032 vs Stata 0.00948. Fix: feols(excel_vgood ~ dd_treatment + twoplus_kids + eitc_expand, cluster=~fips) without | FE spec → 0.009483 (exact match). EVENT STUDY NOT IMPLEMENTED: treatment is defined at the individual level (kids > 1), not at the unit_id (fips) level."
65,"The Effect of the Affordable Care Act Young Adult Provision on Health Insurance Coverage","Akosa Antwi, Moriya & Simon (2013)","unica_controles","anyhi","elig_oct10","elig_mar10; female; ue; hispanic; white; asian; other; student; mar; fpl_ratio; fpl_ratio_2; ue_treat",NA,"age","repeated_cross_section","unica","TRUE","TRUE","6","6","TRUE","TRUE","TRUE","TRUE",NA,NA,NA,NA,"EVENT STUDY REVIEWED. Monheit et al. (2011). Stata: xi: areg anyhi mar_sep10 after_oct10 fedelig elig_mar10 elig_oct10 age17-age25 age27-age29 trend female ue hispanic white asian other student mar fpl_ratio fpl_ratio_2 ue_treat y2009 y2010 month2-month12 st_trend_1-st_trend_55 [weight=p_weight], absorb(fipstate) cluster(fipstate). Treatment = fedelig (age 19-25) x after_oct10 (post Oct 2010). SIPP data, all ages 16-29. Template simplification: uses fipstate + yearmonth + age FEs (more saturated than Stata which uses fipstate + year + month + trend + state-specific trends). State-specific linear trends NOT included — may cause discrepancy. CS-DID: gvar_CS=34 (Oct 2010 as yearmonth) for treated (fedelig=1), 0 for never-treated."
68,"Does Abolishing User Fees Lead to Improved Health Status? Evidence from Post-Apartheid South Africa","Tanaka (2014)","unica_sem_controles","waz","postXhigh",NA,NA,NA,"rcs","single",NA,"FALSE",NA,NA,"TRUE","FALSE","FALSE",NA,NA,NA,NA,NA,"T=2 (1993 vs 1998). RCS individual-level data. Treatment: clinic93=1 (high clinic access pre-policy). User fees abolished 1994. Outcome: weight-for-age z-score (waz). 62 clusters, ~1071 obs in main sample. CS-DID with panel=FALSE. No event study possible with T=2."
76,"The Effect of Hospital Postpartum Care Regulations on Breastfeeding and Maternal Time Allocation","Lawler, Yewell (2023)","escalonada_controles","bf_ever","Post_avg","WIC_ever; frstbrn; married; female; law1; law2; law3; law4; law5; mleave; mdcdexpand; unemp_rate; styr_perblack; styr_perhispan; styr_perother_eth; styr_perfemale; styr_perlt21; styr_per21_64; styr_HSrate; styr_uni4rate; styr_povrate","WIC_ever; frstbrn; married; female; childnm; mom_ed; raceeth_cat; mom_agegrp","agegrp; childnm; mom_ed; raceeth_cat; mom_agegrp","repeated_cross_section","staggered","TRUE","TRUE","4","4",NA,"TRUE",NA,NA,NA,NA,NA,NA,"Stata: reg bf_ever Post_avg $individXs $stateXs $FEs [pw=rddwt], cluster(fips). individXs=WIC_ever i.childnm i.mom_ed frstbrn i.raceeth_cat married female i.mom_agegrp. CSDID: csdid2 bf_ever i.fips $individXs [w=rddwt], agg(event) long2. TWFE FIX (Round 3 final): Two-part fix. (1) MONTH FORMULA: Stata's `gen start_month = month(start_ym)` treats %tm values as %td (days since 01jan1960, NOT months). E.g., start_ym=600 (Jan 2010 as %tm) → month(600) = 8 (Aug 1961 in %td interpretation). R corrected using `as.integer(format(as.Date('1960-01-01') + as.integer(start_ym), '%m'))`. This causes January-policy states to be correctly classified as pre-period in the year of adoption under Stata logic. (2) styr_pergt64 OMITTED: feols drops a different variable than Stata when all styr_per* are included (Stata omits styr_pergt64 due to collinearity with other proportions). Explicit removal from twfe_controls gives exact match. Combined fix: R feols = 0.03832 (exact match). CSDID-NT: 0.01652 vs Stata 0.01799 (8.2% gap). Pattern 25 applied. BJS: approximation via bjs_aggregate_to_panel. EVENT STUDY (es76_script.R): TWFE ES: EXACT MATCH with Stata (all 10 periods, gaps < 0.1%). Key: m_treat=byear-start_year (no month correction), FEs=fips+byear+childnm+mom_ed+raceeth_cat+mom_agegrp (NO agegrp — only in PE not ES), styr_pergt64 omitted. CS-NT ES: large gaps (unfixable — Stata includes i.fips as covariate causing ~50 extra state FEs, R att_gt cannot include state FEs without singularity). SA ES: 5-55% gaps, VCOV near-PSD warning (cohort identification via gvar_CS differs from Stata eventstudyinteract). BJS ES: tau2(-6.8%), tau3(+5.7%) match well; tau0/tau1 differ (aggregation vs Stata individual-level)."
79,"Direct and Spillover Effects of Middle School Vaccination Requirements","Carpenter, Lawler (2019)","escalonada_controles","P_U13TDAP","TDcont_mandate","MCV_mandate; HPV_mandate; Meas_newlybind; Varic_newlybind; Varic_new2dose; HepB_newlybind; HepA_newlybind; exemp_pb; wc_12yo; imminsure_12yo; MCV_boost; MCVed_PS; MCVed; MCV_waiver; MCV_PSmandate; HPVinsure_12yo; HPVed_parent; HPVed_stud; HPVaware; hepB_Kmandate; hepA_CCmandate; hepA_Kmandate; varic_CC_Kmandate; pcv_mandate; flu_CCmandate; rota_mandate; mumps_mandate; meas_2mandate; pert_rate_yr11; menin_rate_yr11; mdcd_upperlmt; styr_perblack; styr_perhispan; styr_perother_eth; styr_perfemale; styr_perlt21; styr_per21_64; styr_HSrate; styr_uni4rate; styr_povrate; unemp_rate; female; married; child_lt18_1; child_lt18_2; mom_ed_1; mom_ed_2; mom_ed_3; mom_agegrp_1; mom_agegrp_2; ethcat_1; ethcat_2; ethcat_3","female; married","age; fips","repeated_cross_section","staggered","TRUE","TRUE","6","6",NA,"TRUE",NA,NA,NA,NA,NA,NA,"Stata CSDID: csdid2 P_U13TDAP $individ_controls i.age i.fips [w=provwt], window(-6 5). fips = STATE dummies (51 states, NOT counties). cs_controls reduced to female+married (many controls cause singularity in att_gt). CS-NT ≈ CS-NYT in R (both ~0.095): R att_gt(panel=FALSE) distinguishes NT from NYT at ATT(g,t) cell level (62/72 cells differ), but positive and negative differences cancel in aggte(simple) aggregation — dataset-specific cancellation, not a structural bug. R NYT (~0.093) ≈ Stata NYT (0.099, ~6% diff, credible). R NT (~0.095) ≠ Stata NT (0.164) — likely due to different NT pool composition: early cohorts (MN gvar=1996, RI gvar=1999) may be in Stata's NT pool but are dropped in R as 'already treated at first period'. Stata NT has significant pre-trends (Pre_avg=-0.048, p=0.001) suggesting parallel trends failure for NT comparison; NYT is the more credible estimator (Pre_avg=-0.022, p=0.143, insignificant). See failure_patterns.md Pattern 24. BJS: Stata uses did_imputation with fe(fips year12 age); R aggregates to (fips×year12) panel via weighted.mean first — approximation (age FEs lost). Stata BJS horizons(0/6) pretrends(5). Event window: -6 to +6."
80,"The Long-Run Effects of Sports Club Vouchers for Primary School Children","Marcus et al. (2022)","unica_controles","sportsclub","Post_avg",NA,NA,"bula_3rd","repeated_cross_section","single","TRUE","TRUE","2","2","TRUE","FALSE",NA,NA,NA,NA,NA,NA,"Stata: reg sportsclub Post_avg i.year_3rd i.bula_3rd i.cityno, vce(cluster cityno). CSDID: csdid2 sportsclub i.bula_3rd, gvar(gvar_CS) time(year_3rd) agg(event) cluster(cityno) long2. gvar_CS must be constant within cityno — fixed by using group_by(cityno) max of tbula_3rd. Event study: data covers 2006-2010, treatment at 2008; event_pre=2 shows event times -2,-1; event_post=2 shows 0,1,2. BJS aggregates RCS to (cityno × year_3rd) panel; bula_3rd FE lost in aggregation."
97,"Urban Water Disinfection and Mortality Decline in Lower-Income Countries","Bhalotra et al. (2021)","unica_sem_controles","ins_rate_under5","treated_post","treated_post_year; treated_year; treated; post; y; post_year",NA,NA,"repeated_cross_section","single","TRUE","TRUE","6","4","TRUE","FALSE",NA,NA,NA,NA,NA,NA,"DATA STRUCTURE: Each mun_reg appears TWICE per year_reg — treated2=1 (pre-reform cohort, never-treated in CS) and treated2=2 (post-reform cohort, treated in CS). (mun_reg, year_reg) is NOT unique; (mun_reg, year_reg, treated2) IS unique. 1413 unique mun_reg × 2 cohorts = 2826 composite units × 11 years. EVENT STUDY: Template's i(rel_time_binned) approach fails — when treated2 is in the FE, all event-study dummies are dropped due to collinearity (9999 bin for never-treated = treated2=1 is perfectly predicted by treated2 FE). SOLUTION: Dedicated script results/97/event_study_script.R uses explicit F_*/L_* binary dummies + fe(mun_reg + treated2 + year_reg). TWFE matches Stata exactly. CS-NT: Composite unit_cs_bjs = mun_reg*10 + treated2 + base_period='universal' — exact match for pre and post. SA = TWFE (single cohort, mathematically equivalent). GARDNER DIVERGENCE (Pattern 47): Gardner shows a constant ~0.146 level shift vs TWFE/CS-NT/SA across ALL event-study periods (pre and post). Root cause: Gardner's first stage (Gardner 2021, Section 3) estimates FEs only from untreated observations. In this dual-cohort structure, post-1991 year FEs are estimated exclusively from treated2=1 (never-treated cohort), while TWFE estimates year FEs jointly from both cohorts with treatment dummies absorbing the effect. The treated2 FE is also estimated from an asymmetric sample (all 11 years for cohort 1, only 6 pre-treatment years for cohort 2). If there is any cohort-specific time trend not captured by the additive treated2+year_reg structure (confirmed by non-zero pre-trends: +0.11 to +0.34), the first-stage counterfactual is systematically shifted. The dynamics are identical (differences between periods match perfectly), only the level differs. This is not a Gardner failure per se but a sensitivity of the two-stage approach to non-standard data structures where 'group' encompasses multiple dimensions with asymmetric untreated samples."
125,"How Effective are Public Policies to Increase Health Insurance Coverage Among Young Adults?","Levine, McKnight & Heep (2011)","escalonada_controles","insured","law","married; student; female; ur; povratio; povratio2",NA,"a_age","repeated_cross_section","staggered","TRUE","TRUE","4","4","TRUE","TRUE",NA,NA,NA,NA,NA,NA,"Levine, McKnight & Heep (2011). Table 5 Panel A Row 1 Col 2 (DD Full Sample). Stata: xi: reg insured law i.stfips i.year i.a_age married student female ur povratio povratio2 if a_age>=19 & a_age<=24 & year>=2000, cluster(stfips). UNWEIGHTED (paper footnote 23). Outcome: insured = privhi|pubhi (any insurance). Treatment = state parental coverage law (staggered, 20 states treated 2000-2008). Massachusetts excluded. Target: -0.0005 (SE 0.007). N=127106. NOTE: Use original event study (with binning) as point estimate. Sensitivity (CS-NT/CS-NYT +/- married+student+female) reserved for binning chapter discussion. EVENT STUDY REVIEWED: All 5 estimators (TWFE, CS-NT, CS-NYT, SA, Gardner) show null results — estimates bounce ±0.01-0.02, all CIs include zero at every horizon. No pre-trends, no effect. The +1865% ratio is meaningless (both ≈0)."
133,"Income, the Earned Income Tax Credit, and Infant Health","Hoynes et al. (2015)","unica_controles","lowbirth","Post_avg","treat1; after; other; black; age2; age3; high; racemiss; hispanic; hispanicmiss",NA,"parvar","repeated_cross_section","single","FALSE","TRUE","3","4","TRUE","FALSE",NA,NA,NA,NA,NA,NA,"TWO SEPARATE EVENT STUDY PDFs — event_study_script.R produces: (a) event_study_com_controles.pdf and (b) event_study_sem_controles.pdf. MATCHES: TWFE exact; SA exact for both (single cohort → SA=TWFE with SA FEs); CS-NT exact for BOTH variants. APPROXIMATIONS: BJS ~5-12% gap (aggregation). CS-NT KEY FIX: racemiss=0 for ALL parvar==1 (control) units → must exclude from xformla in att_gt(dr) — Stata drops it silently, R fails. Use xformla=~stateres_f + other + black + age2 + age3 + high + hispanic + hispanicmiss (no racemiss). base_period='universal' required to match Stata long2 pre-period estimates. Stata csdid2 uses method=dripw when i.stateres added; R equivalent: est_method='dr'. BJS: cell_id=parvar*100+stateres (1632 aggregated rows), did_imputation R has no 'controls' argument — pass via first_stage = ~ctrl | cell_id + effective. Data: id_21.dta, filter effective 1991-1998 + dmeducgrp<=2 + marital==2. _I* interaction vars precomputed in data; include with backtick quoting in feols formula."
147,"Environmental Regulations, Air and Water Pollution, and Infant Mortality in India","Greenstone, Hanna (2014)","escalonada_controles","e_spm_mean","catconvpolicy","scaprange; scappolicy; tauSCL; tauSCR; catrange; tauCATL; tauCATR; lit_urban; mean_ctrl",NA,NA,"panel","staggered","TRUE","TRUE","4","4","TRUE","TRUE",NA,NA,NA,NA,NA,NA,"EVENT STUDY REVIEWED. Pre-trends problematic: CS-NT/CS-NYT/SA show large negative values at h=-4,-5 (-40 to -60). Post-treatment positive but oscillating across estimators. Greenstone & Hanna (2014). Stata: xi: reg e_spm_mean scaprange scappolicy tauSCL tauSCR catrange catconvpolicy tauCATL tauCATR lit_urban mean i.city i.year [aw=pop_urban], cluster(city). Main outcome=SPM air pollution. Treatment=catalytic converter policy (staggered by city). catconvpolicy = post-adoption * within-event-window[-7,9]. Regression jointly controls for SCAP policy. Sample restricted to cities with >=3yr pre+post for BOTH policies. N=1172 (150 missing lit_urban/mean auto-dropped). Data built via build_analysis_data.R from combined.dta. tauSCR and tauCATR dropped for collinearity with city+year FEs. SE difference (R:11.93 vs Stata:12.59) due to feols singleton removal. CS-DID does NOT control for SCAP — results differ from TWFE by design. | Outcome selection: Rule (ii) largest N. Main DiD finding is energy poverty (SPM) with full county-year panel (N~45k). Mortality analysis uses a 2-step approach with only N=16 counties as units, too small for standard DiD. Audit confirmed."
201,"The effects of state paid sick leave mandates on parental childcare time","Maclean & Pabilonia (2025)","escalonada_controles","carehh_k","pslm_state_lag2","fam_med; pto_state; poverty; pop; female; age; age2; non_white; hisp; mar; hs; scoll; collg; grad; cohabit; hh_numkids; kids15; kids617; rural",NA,NA,"repeated_cross_section","staggered","TRUE","TRUE","7","7","TRUE","FALSE","TRUE",NA,NA,NA,NA,NA,"EVENT STUDY REVIEWED. Maclean & Pabilonia (2025) JHE. IMPORTANT: Paper's MAIN estimator is Gardner (did2s), NOT TWFE. TWFE is reported only in Appendix Table 10 as one of 5 alternative estimators (Gardner, BJS, Wooldridge, Stacked DiD, TWFE). Appendix Table 10 TWFE: reghdfe carehh_k pslm_state_lag2 controls [pw=wt06], a(fips time) cl(fips). RCS data (139K obs, 78K with hh_child==1). Monthly time (239 periods), 44 states, 10 treated states (6 yearly cohorts: 2014,2017,2018,2019,2020,2022). CS-DID segfaults with monthly RCS — use yearly collapsed panel for CS: CS-NT=-1.61 (SE 4.20), CS-NYT=-1.25 (SE 4.22), both insignificant. Paper uses 'carehh_k' = primary childcare minutes per average day. SIGN REVERSAL: TWFE=+4.45** vs CS-NT=-1.61 (ns). Bacon decomposition shows cohort ~2020 (ATT=+10.12, weight=34%) drives positive TWFE — confounded with COVID lockdowns (PSL lagged 2yr → 2018 adoption activates 2020). Cohorts 2017 and 2022 show negative ATTs (-3.97 and -21.49). GARDNER DIAGNOSTIC: Gardner agrees with TWFE (both positive early post-treatment, negative at late horizons). NOT sensitive to time granularity (monthly≈yearly). IS sensitive to endpoint binning: bin at h=+7 collapses h=7(+10) with h=8-9(-41) → spurious -25 drop. h≥7 is 100% Cohort 2014 (CT, N=33) — pure noise. Cohort-specific Gardner: wildly heterogeneous (2014: +16 to -57; 2017: -3 to -18; 2020: +4 to +15 with SE~10; 2022: -6 to -15). TWFE/Gardner agreement explained by shared cohort-size weighting (Cohort 2017=40%, 2020=25% dominate), while CS uses uniform group×time weighting. Conclusion: sign reversal is real — driven by COVID-confounded Cohort 2020 dominating size-weighted estimators (TWFE, Gardner) while CS distributes weight more evenly."
210,"Has the Shortened Drug Distribution Chain Cut Drug Prices? Evidence from China","Li et al. (2026)","escalonada_controles","lnprice","treat1","GDPadj; old; POP; NumHos; NumPhy; NumBed; GovExp; inten; InsurExp_Urban",NA,NA,"panel","staggered","TRUE","TRUE","11","12","FALSE","TRUE","FALSE",NA,NA,NA,NA,NA,"EVENT STUDY REVIEWED — 3 custom figures created (figure1_replication, figure2_harmonized, figure3_cs_pairbalanced). All-eventually-treated. Li et al. (2026). Table 3 Col 3 (TWFE with controls). Stata: reghdfe lnprice treat1 GDPadj old POP NumHos NumPhy NumBed GovExp inten InsurExp_Urban, absorb(yearmonth id) cluster(clusterid). ALL 13 cohorts eventually treated → CS-NYT only. Stata CS: csdid lnprice, i(id) t(yearmonth) g(policyyearmonth1) cluster(clusternum) agg(simple) → 0.012. TWFE clusters at clusterid, CS at clusternum (Pattern 30). Monthly data (yearmonth as %tm 660-719). BJS: did_imputation with same controls, cluster(clusternum)."
213,"The Effect of High Dismissal Protection on Bureaucratic Turnover and Productivity","Estrada & Lombardi (2022)","unica_sem_controles","left_school_plus1","treated_post",NA,NA,NA,"repeated_cross_section","single","TRUE","TRUE","3","3","TRUE","FALSE","TRUE","TRUE",NA,NA,NA,NA,"EVENT STUDY REVIEWED. Estrada & Lombardi (2022) AEJ:Applied. Chile 2014 law reform granted permanent contracts to temp teachers with 3+ consecutive years. Treated: 3yr seniority, Control: 2yr seniority. Cohorts 2010-2014 (2014 is post). Simple DiD: reg y treated_post treated i.agno, cluster(clave). No unit FEs — treated is binary group indicator absorbed as FE. Outcome: left_school_plus1 (not working in same school after 1yr). Table 2, Col 1. Expected negative coefficient (dismissal protection reduces turnover)."
228,"The Air Quality and Well-Being Effects of Low Emission Zones","Sarmiento, Wagner & Zaklan (2023)","escalonada_sem_controles","pm10","treatment",NA,NA,NA,"panel","staggered","TRUE","TRUE","5","5","TRUE","TRUE","TRUE","TRUE",NA,NA,NA,NA,"EVENT STUDY REVIEWED. Sarmiento, Wagner & Zaklan (2023) JEEM. Low emission zones in German cities reduce PM10 pollution. Staggered adoption 2008-2016. CS-DD is the paper's primary estimator (att_gt with DR, nevertreated). 588 stations, 14 years (2005-2018). Raw sample (stations inside/near LEZ). Clustering at municipality level. No covariates in CS spec (xformla=~1). Paper's TWFE uses daily data with weather controls; our TWFE is on yearly data without controls for comparability with CS-DD. EVENT STUDY (5 estimators): All converge — growing negative effect from h=0 (-0.3 to -0.9) to h=5 (-1.9 to -2.4). Pre-trends flat for TWFE/SA/Gardner; CS-NT/CS-NYT slightly noisy at far pre-periods. TWFE vs CS-NT gap (1.24 vs 1.95) is from aggte(dynamic) weighting late horizons equally. VCOV warning on SA (small cohorts 2010/2015/2016). No heterogeneity variables in data (no state/region/station_type). Script: event_study_228.R."
233,"The Impact of Water and Sanitation Regulation on Municipal Investment in Brazil","Kresch (2020)","unica_controles","invest_total","muni_companyxlaw","pop_log; gdp_share_state; gdp_share_brazil; gdp_log; taxes_share_state; taxes_share_brazil; taxes_log; ag_area; ag_harvest; ag_value; livestock; temper; precip; baseinvestTT",NA,NA,"panel","single","TRUE","TRUE","4","6","TRUE","TRUE",NA,"TRUE",NA,NA,NA,NA,"EVENT STUDY REVIEWED. All 4 estimators agree on growing positive effect (1500→6000). Slight pre-trend drift but consistent across estimators. Kresch (2020). Table 3 Col 1 (invest_total/1000). Stata: reghdfe invest_total muni_companyxlaw controls if balance2001==1, absorb(code year) vce(cluster company). Single cohort: all Local municipalities treated in 2006 (law=year>2005). Controls: pop_log, gdp_*, taxes_*, ag vars, climate, baseinvestTT. Company cluster: code for Local, state-level code for Regional. 103 municipalities change scope over time — use first_scope for time-invariant gvar_CS and company. CS-NT uses cs_cluster=code (unit-level) because company-level bootstrap clustering inflates SEs 10x (25 state-level Regional clusters vs 124 individual Local clusters → asymmetric cluster structure)."
234,"The Power of Abortion Policy: Re-examining the Effects of Young Women's Access to Reproductive Control","Myers (2017)","escalonada_sem_controles","firstbirth18","epillconsent18",NA,NA,NA,"panel","staggered","FALSE","TRUE","5","5","TRUE","TRUE","TRUE","TRUE",NA,NA,NA,NA,"Myers (2017) JPE. TWFE uses CONTINUOUS epillconsent18 (fraction of years 14-17 with pill consent, values 0/0.25/0.50/0.75/1.00) matching original specification. CS/SA/Gardner use DISCRETIZED binary pillconsent18 for group identification. Original multivariate spec includes 6 policy exposures + state trends — our univariate TWFE gives -0.0053 vs original -0.0084 (both insig). Pre-aggregated from 272K individual CPS obs to 49 states x 24 birth-cohorts (1935-1958) panel (weighted mean). 2 non-absorbing states (28,30) excluded. 9 treatment cohorts (1942-1956), 3 never-treated (29,31,56). Outcome: probability of first birth before age 19. EVENT STUDY REVIEWED: All 4 estimators (TWFE, CS-NT, SA, Gardner) show null results at every horizon — point estimates bounce around ±0.01, all CIs include zero. No pre-trends, no post-treatment effect. Classic null. The +350% TWFE-vs-CS ratio is meaningless (both ≈0)."
241,NA,"Soliman (2025)","escalonada_sem_controles","MME_PC","treatment",NA,NA,"state^year","panel","staggered","FALSE","TRUE","2","3","TRUE","TRUE","TRUE","TRUE",NA,NA,NA,NA,"EVENT STUDY REVIEWED. Soliman (2025) DEA crackdowns on pill mills. Staggered county-year panel. 3006 counties (95 treated, 8 cohorts 2007-2014, 2911 never-treated). Paper uses county + state*year FEs (additional_fes). Paper restricts TWFE to rel_year in [-3,3] (line 239 of Manuscript Code.R), dropping 247 treated-county obs far from treatment. Never-treated have rel_year=0 (always in window). Without filter: TWFE=-33.65 (6.76% gap). With filter: TWFE=-31.52 (exact match). CS segfaults on filtered sample (unbalanced panel: treated 4-7yrs, never-treated 9yrs triggers did pkg C code crash). STANDALONE SCRIPT required: investigate_241.R runs TWFE on filtered data, CS/SA/BJS on full data. Template cannot handle separate TWFE/CS samples. No controls in main spec. Outcome = MME per capita * 10. Table 1 Col 1. Replication code is R (not Stata). Original code: data/241/Files for Replication/Programs/AEJPol-2023-0640 Manuscript Code.R."
242,"Blue Collar Booms and American Mortality: Evidence from the Fracking Revolution","Moorthy, Shaloka (2025)","escalonada_controles","lnearns_gen1_a1499","ddtquartile1","i(year, medianhhinc1990); i(year, pcthighschool1990); i(year, pctmanufacturing1990); i(year, pctmarried1990); i(year, pctrural1990); i(year, pctveteran1990); i(year, pctwhite11990)",NA,"splay1_year_fe","panel","staggered","FALSE","TRUE","5","5","TRUE","TRUE","TRUE","TRUE",NA,NA,NA,NA,"EVENT STUDY REVIEWED. Figure 2 / main DiD specification. Stata: reghdfe lnearns_gen1_a1499 ddtquartile1 c.medianhhinc1990#i.year ... [aw=pop2000] if balancesample==1, absorb(splay1_year_fe cntyfips2000) vce(cl cntyfips2000). 9 staggered cohorts (2001-2012), 112 treated counties (top-quartile RPI), 407 never-treated control counties (same shale plays, lower RPI). splay1_year_fe = shale_play x year FE (464 categories), replaces standard year FE. Controls are c.X1990#i.year (baseline-x-year interactions) — use feols i(year, X) syntax. cs_controls empty because att_gt cannot handle baseline-x-year interactions. lnearns_gen1_a1499 has 8513 non-NA within balancesample (QWI coverage starts ~2002). Pattern 37 applies. | Outcome selection: Rule (ii) largest N. Mortality data (Table 6) requires restricted-access files not in replication package. Earnings are the primary available outcome in the public replication data. Audit confirmed. | CS-DID dynamic restricted to max_e=5: treatment (ddtquartile1) turns OFF at e~6, so e>=6 captures post-treatment rebound, not causal effect. Unrestricted dynamic gave ATT=0.124 (driven by late horizons with 2-5 cohorts and ATT~0.25); restricted to e<=5 gives ATT=0.018, consistent with TWFE=0.019 and group=0.008."
253,"The Unintended Consequences of Infrastructure Development","Bancalari (2024)","escalonada_sem_controles","vs_imr1y","D",NA,NA,NA,"panel","staggered","FALSE","TRUE","6","7","TRUE","TRUE","TRUE","TRUE",NA,NA,NA,NA,"EVENT STUDY REVIEWED. Gardner added — sits between SA (+1.36) and TWFE (+2.21) as expected. All 5 estimators show growing positive effect. Bancalari (2024). REStat. Table 2 Panel A Col 1: reghdfe vs_imr1y D, a(i t) cluster(i). TWFE coef = +0.74 (SE=0.42, p=0.08). 1,467 districts, 2005-2015. Staggered: sewerage project initiation across 11 cohorts (2005-2015). 22% never-treated (326 districts). CS uses notyet control group in paper (csdid ... notyet agg(event) long2). No time-varying controls in main spec. Event study window -6 to +7 (trimmed from -10/+10). Use analysis_district_clean_all.dta (NOT analysis_district_clean.dta). gvar_CS = Ei for treated (0 for never-treated). Paper finds CS ATT = +1.79 vs TWFE +0.74 (TWFE attenuated). TWFE exact match (0.737 vs 0.74). CS-NYT gap (R=2.77 dynamic, paper=1.79): ATT(g,t) individuais divergem radicalmente entre R native e pair-balanced — coortes tardias (2014-2015) têm valores extremos no R native (-8.6, -6.4) que puxam a agregação. R allow_unbalanced_panel=TRUE é a fonte principal — com 34% de dados faltantes (355/1467 unidades com painel completo), o pacote faz ajustes internos que divergem do Stata. Base period importa para o pré: varying (default do Stata) dá padrão de sinais diferente de universal (nosso default). Overall ATT pós-tratamento: pair-balanced NYT = 1.78 ≈ paper 1.79 (match perfeito). A divergência é exclusiva do pré-tratamento. Cohort 2005 (78 units) dropped by R att_gt (treated in first period, no pre-treatment base with universal). BJS fails (subscript out of bounds)."
254,"The Effect of Medicaid Reimbursement Rates on Nursing Home Staffing","Gandhi et al. (2024)","unica_sem_controles","hours_nursing_ratio_i","Post_avg",NA,NA,NA,"panel","single","TRUE","TRUE","7","4","TRUE","FALSE","TRUE",NA,NA,NA,NA,NA,"EVENT STUDY REVIEWED — custom discretized treatment, no standard ES. Gandhi et al. (2024). DISCRETIZED treatment (created by analyst, not paper). Paper uses continuous treatment (illinois * post) for main spec and heterogeneity by Medicaid share (high_mcaid_il / low_mcaid_il) as robustness. We create binary treatment: high-Medicaid IL facilities (342 CCNs, above-median Medicaid share) = treated, low-Medicaid IL facilities (308 CCNs) = control. Single treatment date: Q3 2022 (first post-bubble quarter). Bubble (Jan-Jun 2022) excluded. Weekly data aggregated to quarterly for CS. Custom script: id254_script.R."
262,"Imposing Policy on Reluctant Actors: The Hospital Desegregation Campaign and Black Postneonatal Mortality in the Deep South","Anderson, Charles, Rees (2020)","escalonada_controles","post_neonatal_rate","medicare","hs_deg_imp; health_per_cap; emp_to_pop",NA,NA,"panel","staggered","FALSE","TRUE","5","5","TRUE","TRUE","FALSE","TRUE",NA,NA,NA,NA,"EVENT STUDY REVIEWED. SA REMOVED (Pattern 49: cohorts extremely unbalanced — 1967=85%, 1970-73<1% each → IW variance explosion, CIs ±25). Bacon: 89% timing groups (11% TvU). CS-NT=0.98, CS-NYT=1.24 (SE 5x larger, NYT pool tiny for late cohorts). All estimators null. Anderson, Charles, Rees (2020) RESTAT. Stata: xtreg post_neonatal_rate medicare hs_deg_imp health_per_cap emp_to_pop i.year [pweight=births_ave] if race==3, fe i(state_county_fips) cluster(state_county_fips). Hospital desegregation via Medicare certification in the Deep South. Staggered treatment: counties certified 1967-1973 (7 cohorts). race==3 = Black. balanced==1 restricts to balanced panel. no_births==0 excludes zero-birth counties. Weight: average births (pweight). Event study: medi_lead/lag pre-computed in data. CS also estimated in paper using csdid with notyet, method(dripw). Controls are time-varying county covariates."
263,"Informed Enforcement: Lessons from Pollution Monitoring in China","Axbard, Deng (2024)","unica_controles","any_air","Post_avg",NA,NA,"industry^time; prov_id^time","panel","single","FALSE","TRUE","4","4","TRUE","FALSE","TRUE","TRUE",NA,NA,NA,NA,"EVENT STUDY REVIEWED. CS-NT CIs 7x wider than TWFE — structural: can't absorb industry×time + province×time FEs (Pattern 50). Tested: ind dummies (531) in xformla → overfitting (ATT=0); prov dummies (21) → SE worse. Point estimates agree (TWFE=0.0033, CS=0.0026). CS-NYT not applicable (single timing). Axbard & Deng (2023). Table 1a Col 1. Stata: reghdfe any_air c.min_dist_10#c.post1 if min_dist<50 & starty<=2010, absorb(time id industry#time prov_id#time) cluster(city_id). Treatment = firm within 10km of air monitor (min_dist_10) x post-2015 (post1). Single treatment date: Q1 2015 (time=21). 36103 firms (after filter), 32 quarters (2010-2017). Outcome: any air enforcement action (0/1). FE: firm + time + industry*time + province*time. Cluster: city_id (171 cities). SA disabled (single treatment). CS-NYT disabled (single treatment). No controls in baseline. Large panel (1.15M obs), may be slow. Original paper also uses Conley spatial HAC SEs."
267,"Maternal Mortality and Women's Political Power","Bhalotra, Clarke, Gomes, Venkataramani (2022)","escalonada_sem_controles","lnMMRt1","quotaRes",NA,NA,NA,"panel","staggered","TRUE","TRUE","5","5","TRUE","TRUE","TRUE","TRUE",NA,NA,NA,NA,"EVENT STUDY REVIEWED. Bhalotra, Clarke, Gomes, Venkataramani (2022) JEEA. Table from quotaDifDif.tex, Col 4 (lnMMRt1, no controls). Stata: xtreg lnMMRt1 i.year quotaRes, fe cluster(ccode). 178 countries, 26 years (1990-2015). 22 reserved-seat quota countries with staggered adoption 1989-2013. Outcome: ln(Maternal Mortality Ratio). Treatment: quotaRes (binary reserved seats indicator). No controls in baseline. Paper also uses did_multiplegt_dc and HonestDiD. Uganda adopted 1989 (pre-sample start). Panel unbalanced: 119/178 have all 26 years. EVENT STUDY (5 estimators): All estimators agree on gradual negative effect growing from h=0 (-0.012) to h=5 (-0.09 to -0.15). Pre-trends flat across all. CS-NT/CS-NYT run on balanced panel (119 countries, att_gt segfaults on unbalanced with 13 cohorts). CS-NT overall=-0.169, CS-NYT=-0.170. SA most conservative at late horizons (-0.089 at h=5); Gardner largest (-0.147 at h=5). TWFE attenuation confirmed by Bacon: early adopters negative, late adopters positive. VCOV warning on SA (few treated clusters). Controls (lnGDP, democracy) tested — pre-trends already flat in baseline, no improvement needed. Scripts: event_study_267.R (TWFE+SA+Gardner), cs_only_267.R (CS-NT+CS-NYT on balanced panel), plot_final_267.R (combined 5-estimator plot)."
271,"The Curse of Plenty: The Green Revolution and the Rise in Chronic Disease","Sekhri, Shastry (2024)","unica_controles","hyv_major","d_dmaq23","pr; at",NA,NA,"panel","single","FALSE","TRUE","5","5","TRUE","FALSE","TRUE","TRUE",NA,NA,NA,NA,"EVENT STUDY REVIEWED. Textbook event study — perfectly flat pre-trends, dramatic growing effect (0→80). All 3 estimators identical. Sekhri & Shastry (2024) AEJ:Applied. Table 3, Col 2. Stata: reghdfe hyv_major d_dmaq23 pr at, absorb(i.code i.year) vce(cluster code). 271 districts x 32 years (1956-1987). Treatment: thick/very-thick aquifer (dmaq23) x post-1966 Green Revolution. Single treatment timing (1966). 94 treated, 177 never-treated. Outcome: total HYV area (wheat+rice+maize+bajra+jowar). SA disabled (single treatment). Paper's main result is health (IHDS data not provided), this is the first-stage agricultural effect. | Outcome selection: Rule (ii) largest N. Health outcomes (Table 9 child height/weight) use restricted NFHS data not in replication package. Agricultural outcomes (HYV adoption) are the primary available outcome. Audit confirmed. | HonestDiD CS-NT infeasible: single treatment cohort (1966) with base_period='universal' (mandatory) causes all pre-treatment CS-DID ATTs to have SE=NA, making HonestDiD impossible. TWFE-only HonestDiD available."
281,"Dynamic responses to smoking bans: Evidence from young adults in a developing country","Steffens, Pereda (2025)","unica_sem_controles","smoke","Post_avg",NA,NA,NA,"panel","single","FALSE","TRUE","4","4","TRUE","FALSE",NA,NA,NA,NA,NA,NA,"Outcome selection protocol: main result chosen from Figure 3a (average effects on smoking prevalence). No explicit preferred specification among columns; same outcome and sample across variants, so protocol selects the first/main specification with the fewest time-varying controls. Implemented as a 2009-treated single-timing DiD after excluding 2008, 2010, and 2011 cohorts, matching the paper's baseline event-study sample."
290,"Administrative Burdens and Child Medicaid Enrollments","Arbogast et al. (2022)","escalonada_controles","mchiprate","Adminburden","new_redetpause; MedicaidExpansion; cutoffmax; Premlevel_201; Work_Reqs; pov; ur; GSP",NA,NA,"panel","staggered","FALSE","TRUE","5","5","TRUE","TRUE","TRUE","TRUE",NA,NA,NA,NA,"EVENT STUDY REVIEWED — Dataset reconstructed from Census API (tidycensus B01001 under-19 approx + S1701 poverty) + CMS enrollment + KFF policy data. ACS.dta (IPUMS) not redistributable; pop/totpop/pov from Census published tables. TWFE gap 6% (-0.0182 vs -0.0172) due to IPUMS perwt sums vs Census table estimates. N=4085 vs 4086 (match). Interpolation: approx(rule=1) matches Stata ipolate (no extrapolation). Paper uses aggte(type='simple'); our protocol uses aggte(type='dynamic'). 15 treated states, 12 distinct treatment cohorts, ~35 never-treated."
304,"The Lasting Impact of the Lancashire Cotton Famine on Mortality in England","Arthi, Beach & Hanlon (2022)","unica_controles","census_mr_tot","cotton_dist_post",NA,NA,NA,"panel","single","FALSE","FALSE","0","0","TRUE","FALSE","FALSE",NA,NA,NA,NA,NA,"Classic 2x2 DiD: 538 districts, 2 periods (1851 pre, 1861 post). Treatment = cotton-producing district. Weighted by census population. Only 2 periods so no event study. SA disabled (single cohort). Analysis data built by data/304/build_analysis_data.R from raw Stata files. Column 1 baseline — no controls."
305,"On the Economic Consequences of Mass Shootings","Brodeur, Yousaf (2020)","escalonada_sem_controles","ln_emp_pop","successful",NA,NA,"div_9_all^year","panel","staggered",NA,"TRUE","5","5","TRUE","TRUE","TRUE",NA,NA,NA,NA,NA,"Mass shootings and local economic outcomes. 173 treated counties (2000-2013), ~2938 never-treated. Treatment = 'successful' (=1 post-shooting). PAPER EVENT STUDY (Figure 2) uses Division x Year FEs: reghdfe ln_emp_pop successful13-25 if aroundms==1, absorb(fips i.div_9_all##i.year) cluster(fips). This is Col 3 spec (beta=-1.348, SE=0.523), NOT Col 1 (beta=-2.658). Col 1 produces spurious pre-trends (t-5 coef >1.5) because Division-specific economic cycles not absorbed. ln_emp_pop = 100*log(employment per capita). aroundms filter keeps +-6 years around shooting for treated + all obs for never-treated, creating structural imbalance (treated: 8-16 years, never-treated: 24 years). CS-DID SEGFAULT FIX: att_gt segfaults on the aroundms-filtered sample (both panel=TRUE unbalanced and panel=FALSE RCS) due to 3111 fips with extreme imbalance. Fix: use balanced panel (2613 fips with all 24 years, of which 127 treated + 2486 never-treated) WITHOUT aroundms filter. TWFE/SA/Gardner still use aroundms filter (as paper specifies). CS-NT simple=-1.276, CS-NYT simple=-1.257, all consistent with TWFE=-1.348. | Outcome selection: Rule (iii.c) random selection + document. Audit confirmed."
309,"Legal Protection Against Retaliatory Firing Improves Workplace Safety","Johnson, Schwab, Koval (2024)","escalonada_sem_controles","ln_acc_rateY_matt","wdlapY",NA,NA,NA,"panel","staggered","FALSE","TRUE","5","5","TRUE","TRUE","TRUE",NA,NA,NA,NA,NA,"Staggered DiD: 21 adoption cohorts (1970-1993). Treatment = public policy exception to at-will employment. wdlapY is fractional (0-1) in adoption year. CS-ready .dta has first_year_full_wdlapY as gvar (0 for 7 never-treated states). sh_emp1979 = state employment share in 1979 (analytic weights). Column 1 is simplest spec (no controls beyond FEs). SA applicable (21 cohorts). CSDID FIX: att_gt() segfaults on the severely unbalanced panel (21 state-run OSHA states have only 14 years [1992-2005] vs 29 states with 27 years [1979-2005]). Both panel=TRUE+unbalanced and panel=FALSE cause C-level segfaults in did v2.3.0. Fix: balance panel to 29 full-coverage states (allow_unbalanced=false). Loses 7 cohorts (1970,1974,1976,1977,1983,1984,1987); 13 cohorts + 7 NT states remain. CS-NT ATT=-0.201, CS-NYT ATT=-0.202. See fix_csdid_309.R."
311,"Licensing Medicines for Global Health: The Role of the Medicines Patent Pool","Galasso & Schankerman (2024)","escalonada_sem_controles","access","MPP",NA,NA,NA,"panel","staggered","FALSE","TRUE","5","5","TRUE","FALSE","TRUE",NA,NA,NA,NA,NA,"Staggered DiD: 6746 country×product units, 14 years (2005-2018). 7 treatment cohorts (2011-2017). 84.6% never-treated. Treatment = Medicines Patent Pool membership. Outcome = drug access (binary). Stata uses two-way clustering (product_code × country_code) but template uses one-way (product_code). Unbalanced panel (84.8% fill rate). Bacon decomposition disabled due to large dataset size."
321,"Bureaucratic Representation and State Responsiveness: The 1918 Pandemic in India","Xu (2023)","unica_sem_controles","log_deaths_town","indian_dm1918_post",NA,NA,NA,"panel","single",NA,"TRUE","4","3","TRUE","FALSE","TRUE",NA,NA,NA,NA,NA,"Single treatment timing: indian_dm1918=1 towns treated 1918-1919 (post=1). 1061 towns in 205 districts. Clustering at district level (did). SA disabled (single cohort). Event study uses biannual periods in the paper, but our template uses annual. indian_dm1918_post is pre-computed in data."
323,"The Rise and Persistence of Illegal Crops: Evidence from a Naive Policy Announcement","Prem, Vargas, Mejia (2023)","unica_sem_controles","coca_area_grid","treat_post",NA,NA,NA,"panel","single",NA,"TRUE","2","4","TRUE","TRUE","FALSE",NA,NA,NA,NA,NA,"Coca production in Colombia. Treatment = policy announcement (2014) x coca suitability. Original paper uses continuous treatment (suitability x announcement). For replication, binarized at median suitability: high-suitability municipalities (treated, gvar=2014) vs low-suitability (control, gvar=0). Single treatment date. SA disabled (single cohort). Bacon N/A (single timing = 100% TvU). HonestDiD FIXED: original batch wrongly reported CS-NT SE=NA; only reference period (t=-1) has SE=NA (normal). CS-NT HonestDiD now uses diagonal VCOV (clustered SEs from aggte). Single cohort so CS-NT ~ TWFE mechanically. First: TWFE=0.25, CS=0. Avg: TWFE=1.25, CS=1.50."
333,"Abortion laws and women's health","Clarke, Muhlrad (2021)","unica_sem_controles","abortionRelatedPop","ILE",NA,NA,NA,"panel","single",NA,"TRUE","36","36","TRUE","FALSE","FALSE",NA,NA,NA,NA,NA,"Single treated unit: estado=9 (Mexico DF) from time=207 (Mar 2007, matching Stata: timetoILE=t-207). ILE dummy in data turns on at time=205 (Jan 2007), but paper centers event study at t=207; gvar_CS=207 aligns with paper's definition. Previously gvar_CS=205 (Jan 2007) was 2 months too early. Pattern 43 fix applied: gvar_CS was integer (207L/0L) causing Inf→NA truncation inside did package — changed to numeric (207/0). 12 never-treated control states. SA disabled (single cohort). SEs in paper use wild bootstrap; template uses clustered SEs — expect SE differences. Time variable is running month index (1=Jan 1990). Stata Table 2 uses ALL years (1990-2016, N=2496) with regressiveState==0 filter (regressive states excluded). Previously year>=2001 filter caused 11% beta gap (-0.071 vs -0.064). Corrected to no year filter. Baseline spec: no controls, no weights. With controls+weights (Col 4): -0.075 (0.012). CS-DID ATT(simple)=-0.058 (gvar=207) vs TWFE=-0.064. 1716 rows with missing abortionRelated (132 per estado) dropped by att_gt. ESW weights at L_36 are ~0 (uninformative: single treated unit with 73 event-time dummies causes severe multicollinearity in weight decomposition)."
335,"Revealing 'Mafia Inc.'? Financial Crisis, Organized Crime, and the Birth of New Enterprises","Le Moglie, Sorrenti (2022)","unica_controles","new_std_ln","crisis_mafia_n3_int","pop_urb; tourism; trial; wastes_xc; big_banks; self_emp; blood; newspapers_ln; year_7_north; year_8_north; year_9_north; year_11_north; year_12_north; year_13_north; year_14_north; year_15_north; year_16_north; year_17_north",NA,NA,"panel","single",NA,"TRUE","4","7","TRUE","FALSE","TRUE",NA,NA,NA,NA,NA,"Mafia and enterprise formation after 2007 financial crisis. 84 Italian provinces (excl. Sicily, Campania, Calabria). Treatment = mafia_n3 (top tertile of Transcrime Mafia Index). Single treatment date: 2007 (crisis onset). crisis_mafia_n3_int is pre-computed DiD interaction. Stata uses reg2hdfespatial for Conley SEs — R will use clustered SEs (coefficients identical, SEs differ). year_k_north = north indicator x year dummies (macro-region x year FEs). SA disabled (single cohort). CS-NYT not applicable (single treatment date)."
337,"Crimes against Morality: Unintended Consequences of Criminalizing Sex Work","Cameron, Seager, Shah (2021)","unica_sem_controles","sept_any","dd_cl",NA,NA,NA,"repeated_cross_section","single","TRUE","FALSE",NA,NA,"TRUE","FALSE","FALSE",NA,NA,NA,NA,NA,"Cameron, Seager, Shah (QJE 2021). Criminalizing sex work in Malang, East Java, Indonesia. Single treatment (Nov 2014), 2 periods (baseline Feb-Mar 2014, endline May-Jun 2015). Unit = worksite (wsid), 17 total but only 12 in sept_any sample. 6 criminalized (closing=1), 6 non-criminalized in STI sample. Outcome = sept_any (biological STI test positive, 0/1). Treatment variable dd_cl = closing * el (pre-constructed DiD composite). Stata: areg sept_any dd_cl el, abs(wsid) cluster(wsid). Table II Column 1 Panel A: beta=0.273, SE=0.101 (conventional clustered), N=459, baseline mean=0.465. Paper uses wild cluster bootstrap percentile-t p-values (Cameron, Gelbach, Miller 2008) because only 17 clusters. R feols with wsid+wave FEs gives identical coefficient 0.2726. Note: data_structure=repeated_cross_section because only 385 unique uid out of 459 obs (individuals enter/exit). With only 2 periods and single treatment timing, CS-NT reduces to standard DiD. SA disabled (single treatment timing, 2 periods). No event study (only 2 periods). IMPORTANT: conventional clustered SEs will differ from paper's reported bootstrap p-values. Paper reports *** significance via bootstrap, not conventional SEs."
347,"Chain Restaurant Calorie Posting Laws, Obesity, and Consumer Welfare","Courtemanche et al. (2025)","escalonada_controles","bmi","law_enacted","female; i(age); black; hispanic; other; married; hsgrad; somecol; colgrad; pd; unem; med_inc",NA,"fips[tt]","repeated_cross_section","staggered",NA,"TRUE","7","4","TRUE","TRUE","TRUE",NA,NA,NA,NA,NA,"CUSTOM SCRIPT (analysis_347.R). Data prep replicates brfss_clean.do: appends 19 BRFSS annual files (1994-2012), cleans BMI (different variable names per year: _bmi/_bmi2/_bmi3/_bmi4/_bmi5), constructs FIPS from state*1000+county, merges laws.dta + med_inc + unem_popdens. Sample: MSA counties around treated areas (DC/NYC/Seattle/Philadelphia/Albany CSAs + New England census division). Excludes CA, MA, NJ, ME, OR, Nassau Co NY, Davidson Co TN. TWFE EXACT MATCH: R=-0.1744 vs paper=-0.174. Monthly time (tt=(year-2001)*12+mo+84) with county-specific linear trends (fips[tt] in fixest). 89 counties, 26 treated. 4 yearly cohorts: 2008 (NYC), 2009 (Seattle+Westchester), 2010 (Philadelphia+Albany+Montgomery+Schenectady+Suffolk), 2011 (Vermont 14 counties). CS-DID uses yearly county-level panel (balanced, 44 of 89 counties); CS-NT=-0.448, CS-NYT=-0.439 — both ~2.5x TWFE magnitude, suggesting TWFE attenuation. Small cohort 2009 (2 treated counties after balancing → 1 with full panel) flagged by did package. Event study uses yearly relative time [-7, +4]."
358,"Women's Political Participation and Intrahousehold Empowerment: Evidence from the Egyptian Arab Spring","Bargain, Boutin, Champeaux (2019)","unica_controles","ibp","post_group","post; poorest; middle; richer; richest; urb; nb_child; primary; secondary; higher; age; age_husband; husband_work; religion; birthcoh_2; birthcoh_3; post_urb; post_middle; post_richer; post_richest; post_nb_child; post_primary; post_secondary; post_higher; post_age; post_age_husband; post_husband_work; post_religion; post_birthcoh_2; post_birthcoh_3",NA,NA,"repeated_cross_section","single",NA,"FALSE","0","0","TRUE","FALSE","FALSE",NA,NA,NA,NA,NA,"TWFE-ONLY replication (only 2 time periods: 2008 and 2014, single treatment event: 2011 Arab Spring). CS-DID, SA, Gardner all inapplicable. Treatment = post_group (pre-computed post x group). group = above-median protest intensity governorate. 22 governorates (excl. 5 border). 272 municipalities. Controls include post x covariate interactions. Conley-type SEs in some specs but Model 4 uses cluster(ID_2). R feols should give coef=4.181, SE~1.053 (small-sample adj difference)."
359,"Was the First Public Health Campaign Successful?","Anderson, Charles, Olivares, Rees (2019)","escalonada_controles","ln_tb_lungs","city_reporting_required","per_female; per_black; per_foreign; per_under18; per_literate; city_reporting_required_missing; missing_demographics",NA,"state_city_id[year]","repeated_cross_section","staggered",NA,"TRUE","5","5","TRUE","TRUE","TRUE",NA,NA,NA,NA,NA,"Anti-TB public health campaign 1900-1917. 548 cities (91 treated, 457 never-treated). 16 staggered cohorts (1900-1917). Unbalanced panel (53% fill rate). city-specific linear trends via state_city_id[year] in fixest. Population weights (population_imp). Clustering at state level (42 states). Missing indicator method for covariates. Table 3B col 1 uses only city_reporting_required (not all 13 treatments). gvar_CS derived as first year city_reporting_required==1 per state_city_id."
380,"Does Managed Care Affect Birth Outcomes? Evidence from Texas's Medicaid Managed Care Mandate","Kuziemko, Meckel, Rossin-Slater (2018)","escalonada_controles","blan_mort100","after","ln_pop; ln_inc; ln_tran; unemp",NA,NA,"panel","staggered",NA,"TRUE","5","5","TRUE","TRUE","TRUE",NA,NA,NA,NA,NA,"Texas MMC rollout. County-month panel (year_mo as continuous, converted to integer months). 71 treated counties (7 cohorts: 1993-2006), 179 never-treated. Outcome = Black infant mortality (blan_mort, scaled ×100). Weight = blan_tot_b (Black births in cell). Paper uses year+month+year-month FEs; template uses time_int (integer months) as single time FE — simplified vs paper's multi-dimensional time FEs. 108 time periods. Controls: ln_pop, ln_inc, ln_tran, unemp."
395,"The Effect of Soviet Maternity Benefits on Fertility","Malkova (2018)","escalonada_sem_controles","gfr_official","treat_post",NA,NA,NA,"panel","staggered","FALSE","TRUE","5","0","FALSE","TRUE","FALSE","TRUE",NA,NA,NA,NA,"All-eventually-treated: 2 cohorts (1981 early=32 oblasts, 1982 late=50 oblasts). 82 oblasts, 12 years (1975-1986). SA disabled (Pattern 36, CONFIRMED: inverted signs). CS-NT disabled (no never-treated). Weight = numwomen_79. Event study truncated to e<=0: after 1982 ALL units treated, year FEs become contaminated (1982=3.7, 1983=9.2, 1984=7.7...), TWFE ES dummies explode (e+1=8.7, e+5=14.8) — artifact, not real effects. CS-NYT and Gardner correctly stop at e=0 (no clean control after 1982). All 3 estimators agree at e=0: TWFE=2.4, CS-NYT~2.0, Gardner=2.1. Static TWFE ATT=1.09 is reliable (identified from timing variation). Analysis data built by data/395/build_analysis_data.R."
401,"Signing Up New Fathers: Do Paternity Establishment Initiatives Increase Marriage, Parental Investment, and Child Well-Being?","Rossin-Slater (2017)","escalonada_controles","married_tobiodad","any_hosp_pat","momage1; momage2; momage3; momage4; momeduc1; momeduc2; momeduc3; momwhite; momblack; momhispanic; ch_male; totkids1; totkids2; d_childage1; d_childage2; d_childage3; d_childage4; d_childage5; unemp_rate_lag1; pov_rate_lag1; state_minwage_lag1; pct_welfare_recp_lag1; welfare_ben_4per_lag1; gov_dem_lag1; frac_statehouse_dem_lag1; pct_medicaid_lag1; pct_wic_lag1; wage_withhold; new_hires; license_revoke; joint_custody; log_CS_exp_lag; waiver; tanf; eitc",NA,NA,"repeated_cross_section","staggered","TRUE","TRUE","5","5",NA,"TRUE","FALSE",NA,NA,NA,NA,NA,"All-eventually-treated: 44 states, year_init 1990-1999 (8 staggered cohorts). No CS-NT (no never-treated). SA disabled (Pattern 36, CONFIRMED: SA tested and produced CIs ±300 for effects ±0.03; cohorts 1990 and 1993 have 1 state each → 13+ collinear interactions, VCOV not PSD). Table 3 col 5 coefficient = -0.0281 (SE 0.0088) — includes state-specific linear time trends (tt_state_*) NOT replicated here; our estimate will be closer to col 4 (without trends). RCS: each obs is a mother-child pair. 9622 obs dropped for missing pwsupwgt. Event study window [-5, +5], reference hosp_pat=-2. Outcome selection: married_tobiodad is the declared primary outcome (Table 3), aggregate indicator, preferred over subcategories (never_mar, divorced, married_tonewguy)."
419,"Water Pollution Progress at Borders: The Role of Changes in China's Political Promotion Incentives","Kahn, Li, Zhao (2015)","unica_controles","cod","bypost06","gdpg; gdpp; temperature; lightbuffer5km",NA,NA,"panel","single","FALSE","TRUE","2","4","TRUE","FALSE","FALSE","TRUE",NA,NA,NA,NA,"Kahn, Li, Zhao (2015). AEJ: Economic Policy. Outcome: cod = Chemical Oxygen Demand (mg/L). Single timing: 2006 policy shift (11th Five-Year Plan binding COD reduction targets). Treatment: boundary stations vs interior stations. 497 monitoring stations, 7 years (2004-2010), 3377 obs. Stata: xtivreg2 cod bypost06 gdpg gdpp temperature lightbuffer5km year_dummy*, fe cluster(w riversystem). Paper uses 2-way clustering (station + riversystem); template uses station-level only (SEs may differ). SA disabled (single cohort). CS-NYT disabled (single cohort). Event study: by05-by10 (boundary × year dummies), with 2004 as paper's reference. Template uses -1 (2005) as reference. Table 3 Col 2: beta=-2.012, SE=1.192."
420,"The War on Poverty's Experiment in Public Medicine: Community Health Centers and the Mortality of Older Americans","Bailey, Goodman-Bacon (2015)","escalonada_controles","amr_eld","treat_post","D_pct59inclt3k_t; D_60pctnonwhit_t; D_60pctrurf_t; D_60pcturban_t; D_tot_act_md_t; R_tranpcret; R_tranpcpa1; H_bpc; H_hpc","Durb_f","Durb^year; stfips^year","panel","staggered","FALSE","TRUE","6","10","TRUE","FALSE","TRUE","TRUE",NA,NA,NA,NA,"Bailey & Goodman-Bacon (2015). AER. Outcome: amr_eld = age-adjusted mortality rate (50+, per 100k), weight=popwt_eld. Protocol rule (i): paper title='Mortality of Older Americans', abstract emphasizes 50+ result, Figure 7D is the key event study. Staggered rollout of Community Health Centers 1965-1974 (early CHCs only; late CHCs 1975-1980 treated as never-treated). 114 treated counties, 2948 control counties. ~91k obs, 3062 counties, 1959-1988. Stata: xtreg amr_eld _Iyear* _IyeaXDu* _IyeaXst* D_* R_* H_* _DD* [aw=popwt_eld], cluster(fips) fe. Table 2 Panel B Col 2 / Figure 7D. FEs: county + year + urban-category×year (Durb = 5 bins of 1960 urban share). Cols 3/6 add state×year (not in baseline). D_ = baseline×trend (Pattern 37), R_/H_ = time-varying. 10 cohorts (1965-1974). SA applicable. Drops NYC/LA/Chicago. CS-NT DIAGNOSTICS (Pattern 51): Baseline CS-NT (xformla=~1) showed +40-50 pre-trend bias vs TWFE≈0. Root cause: identification relies on Durb×year + state×year FEs that CS-NT can't absorb. Tested: (1) xformla=~Durb_f (5 urban categories) → pre-trends reduced ~80% to +10-15, ATT=-59 (SE=20); (2) + state dummies → overshoot to negative pre-trends (Pattern 42 overfitting). Fix: cs_controls=[Durb_f]. 5 urban dummies capture most of the confounding without propensity overfitting. Remaining gap vs TWFE due to state×year + baseline×trend controls that only regression-based estimators absorb."
432,"Learning about an Infrequent Event: Evidence from Flood Insurance Take-Up in the United States","Gallagher (2014)","escalonada_sem_controles","ln_takeup_proxy1","post_hit",NA,NA,"st_fips^year2","panel","staggered","FALSE","TRUE","10","11","TRUE","TRUE","TRUE","TRUE",NA,NA,NA,NA,"Gallagher (2014), AEJ: Applied Economics. Outcome selection: Rule (i) declared preference — equation (1) is described as 'the main estimating equation' (p.214). Outcome: ln_takeup_proxy1 = log(flood insurance policies per capita + 1). Figure 2 event study on 1990-2007 panel. Collapse = 1: paper reports ONLY event study coefficients (no static ATT), so we construct post_hit = 1{year2 >= hit1year} for static TWFE. Unit = NFIP community (id_num, N=10841). Treatment = first 'hit' by a PDD flood. hit1year = calendar year of first hit (NA for 3927 never-hit communities). 18 staggered cohorts (1990-2007), 6914 treated communities, 3927 never-treated. FEs: community + state*year (st_fips^year2, 864 categories). No time-varying controls. Cluster: state (st_fips, 48 states). IDIOSYNCRASY — REPEATED EVENTS: The paper's Figure 2 uses hityear_* variables that encode event-time dummies relative to ALL PDD floods, not just the first. 55% of treated communities (3822/6914) are hit >1 time (distribution: 1 hit=3092, 2=2278, 3=992, 4=385, 5+=163). This means hityear_p5 = 1 whenever a community is 5 years after ANY flood, not just the first. Standard staggered DiD (first-hit i(rel_time_binned)) gives systematically HIGHER post-treatment coefficients because all subsequent flood effects are absorbed into the first-hit timing. TWFE ES coefficients: first-hit t=0: 0.090, repeated-event t=0: 0.078 (Fig 2 match). At late horizons the gap grows: first-hit t=10: 0.094, repeated-event t=10: 0.024 (4x ratio). ES SCRIPT: es432_script.R uses raw hityear_* variables for TWFE ES (exact Figure 2 match) and first-hit for CS/SA/Gardner (standard staggered DiD). This mismatch is documented: the TWFE reflects the paper's specification while CS/SA/Gardner apply standard modern DiD methodology. The do-file uses pre-demeaned variables (_dmn suffix) because Stata areg absorbs only one FE set. In fixest, raw hityear_* + | id_num + st_fips^year2 gives EXACT match (all 22 coefficients identical to 5 decimal places). Panel: 195138 rows, balanced (10841 x 18 years). gvar_CS uses as.numeric() per Pattern 43; never-treated = 0. base_period = 'universal' per Pattern 26."
433,"Life and Death in the Fast Lane: Police Enforcement and Traffic Fatalities","DeAngelo, Hansen (2014)","unica_controles","fat_vmt","treatment","precip; temp; un_rate; max_speed",NA,"year; month","panel","single","FALSE","TRUE","6","6","TRUE","FALSE","FALSE","TRUE",NA,NA,NA,NA,"DeAngelo & Hansen (2014), AEJ: Economic Policy. Oregon State Police mass layoff Feb 1, 2003 (single-timing DiD). State-level monthly panel, 47 states (excl AK, HI, VT), 2000-2005. Treatment: Oregon (fips=41) from Feb 2003 (mn_yr=38); Jan 2003 coded as pre-treatment since layoff was Feb 1. Outcome: fat_vmt = traffic fatalities per VMT (all highways, all weather conditions). OUTCOME SELECTION: Protocol rule (ii) largest N selects full US sample (N=3384, Table 4 col 1) over geographic control WA+ID (N=216, col 2). Rule (iii.a) selects fat_vmt (aggregate) over fat_good_vmt (outside city/dry weather subcategory). Original beta_twfe=0.7103 is the raw coefficient; paper reports semi-elasticity=0.05 (=0.7103/13.00 mean). DATA FILE: original fatal_analysis_file_2014.dta is MISSING from replication package. Using synth_file_2014.dta which contains identical variables for all 47 states; treatment variable is already coded in the data. This file has 47 states (missing VT fips=50) vs paper's 48 (N=3456 vs 3384, difference of 1 state). Stata: areg fat_vmt treatment mon_* y_* precip temp un_rate max_speed, a(fips) robust cluster(state). FE structure: fips absorbed by areg, year+month dummies as covariates = equivalent to feols(... | fips + year + month). Clustering: state-level for full US sample (fips is 1:1 with state). Paper also reports WA+ID geographic control (robust SE, no clustering) and synthetic control (5 states with weights). CS-DID note: only 1 treated unit (Oregon) with 46 never-treated states; att_gt should work but variance estimation may be imprecise with single treated unit. SA trivial for single timing but included for consistency. Event study: monthly data with 37 pre-periods and 35 post-periods relative to Feb 2003; event_pre/post set to 6 for readable plot (6 months each side). No run_csdid_nyt because there are never-treated states available (run_csdid_nt instead). No Bacon decomposition because single timing (no heterogeneous treatment timing)."
437,"Corporate Incentives and Nuclear Safety","Hausman (2014)","escalonada_sem_controles","personrem","divested",NA,NA,NA,"panel","staggered","TRUE","TRUE","5","5","TRUE","TRUE","TRUE","TRUE",NA,NA,NA,NA,"SIGN REVERSAL DIAGNOSED (Pattern 46): CS-NT=+40.4 and CS-NYT=+38.2 vs TWFE=-42.2. Root cause: (a) massive secular decline in personrem (1200→135 over 1974-2008), (b) very long pre-treatment (25yr before earliest cohort 1999), (c) unbalanced panel (14/63 facilities have full span), (d) 3 singleton cohorts with extreme leverage. CS with universal base period mixes high-value 1970s-80s with low-value 1990s, creating composition effects. When restricting to 1990-2008, all estimators converge to near-zero. ALL estimates are statistically insignificant (SEs~60-70). TWFE=-42.245 matches Stata exactly. CS estimates are unreliable — do not include in aggregate analysis. | Hausman (2014), AEJ-EP. Nuclear plant divestiture and safety outcomes. STAGGERED DiD: 30 facilities divested 1999-2007, 33 never-divested facilities as controls. 63 facilities total, annual panel 1974-2008. | OUTCOME SELECTION: Protocol rule (i) declared preference for OLS-compatible outcome. Paper's main results (Tables 3-5) use Poisson/NB for count outcomes (initiating events, fires, escalated enforcement) -- NOT OLS-compatible for our feols template. Table 6 reports OLS regressions for radiation exposure: personrem (collective dose, person-rem), rem (average dose), and capacity-factor-normalized variants (n_personrem, n_rem). personrem chosen per rule (iii.a): aggregate measure (collective plant dose) over per-worker average (rem). personrem has N=1749 facility-year obs, same as rem. | SPECIFICATION: Stata do-file line 971: reg personrem divested R* Y*, cluster(plantid). R* = facility FEs (tab facilityname, gen(R)), Y* = year FEs (Y1-Y40 from prior tab). No controls. Cluster at facility level (plantid = facilityname encoded as integer). | DATA CONSTRUCTION: Raw data is reactor x month panel (safetypanel.dta, 36667 obs). Radiation regression collapses to facility x year: drop if rem==., then collapse (mean) personrem rem divested ... by(facilityname year ...). personrem is annual plant-level data (same across months and reactors within facility-year). Divested is binary at monthly level but becomes fractional in divestiture year after collapsing (18 obs with 0 < divested < 1). Template uses the fractional divested as treatment_twfe (matching Stata exactly). gvar_CS uses year_divest (year of divestiture) for CS-DID. | NOTE: TWFE coefficient -42.245 (SE 66.098) is not statistically significant. The paper's main finding is from Poisson regressions on count outcomes (positive effect on unsafe events). The OLS radiation result is a secondary finding. | 9 treatment cohorts (1999: 2, 2000: 7, 2001: 9, 2002: 3, 2003: 1, 2004: 1, 2005: 4, 2006: 1, 2007: 2) + 33 never-treated. Enough cohorts for SA. Event study: pre=5, post=5 matches do-file event dummies (pre_5_plus through post_5_plus, lines 1471-1514). | POTENTIAL ISSUE: The fractional divested (treatment_twfe) may cause slight differences vs binary CS-DID treatment (gvar_CS defines treatment as year >= year_divest). This is inherent to the Stata specification which collapses monthly binary to annual fractional."
525,"Pensions and Fertility: Microeconomic Evidence","Danzer & Zyska (2023)","unica_sem_controles","Y","DID","TREAT",NA,NA,"rcs","single","TRUE","FALSE",NA,NA,"TRUE","FALSE","FALSE","TRUE",NA,NA,NA,NA,"Brazil pension reform July 1991. First post-reform PNAD is 1992. | RCS design - PNAD cross-sections. No individual panel ID. | TREAT = rural worker (rw_p5==1), control = urban worker (uwb2==1). | DID = TREAT * AFTER (pre-constructed). AFTER = syear >= 1992. | No PNAD in 1991 or 1994 - gaps in time series. | No weights used in original regressions. | Single treatment date - all treated units get treatment in 1992. | Table 3 Col 2: DID = -0.008 (SE 0.003), N = 1,442,376. | 26 state clusters (clustervar1)."
744,"Modern Medicine and the 20th Century Decline in Mortality","Jayachandran et al. (2010)","unica_controles","lnm_rate","treatedXpost37","treatedXyear_c; treated; year_c",NA,NA,"panel","single","FALSE","TRUE","12","6","TRUE","FALSE","FALSE","TRUE",NA,NA,NA,NA,"Jayachandran, Lleras-Muney & Smith (2010) AEJ:Applied. Disease-time DiD: treated diseases (MMR) vs control (TB) before/after sulfa drugs 1937. State-level panel 1925-1943. Original Stata: areg lnm_rate treatedXpost37 treatedXyear_c treated year_c, absorb(statepost) cluster(diseaseyear). Our TWFE uses unit(state_disease)+year FEs instead of statepost FEs. treatedXyear_c included as control (differential trend for treated diseases). Primary result: Table 4 Panel B Column 1 (MMR vs TB). Single treatment time (1937) → no SA. CS-DID with gvar=1937 for MMR states, 0 for TB. Cluster: disease×year (as in original). Disease 1=MMR (treated), 4=TB (control)."
1094,"The Distortionary Effects of Incentives in Government: Evidence from China's Death Ceiling Program","Fisman & Wang (2017)","escalonada_sem_controles","exceedquota","post",NA,NA,"industry","panel","staggered","TRUE","TRUE","4","4","TRUE","FALSE","TRUE","TRUE",NA,NA,NA,NA,"Data prepared by results/1094/prep_data_1094.R from wide-format data_aej.dta. | Outcome: I(Deaths/Ceiling > 1) — binary LPM. | Treatment: NSNP law adoption, staggered across 19 provinces (2005-2012). | post = I(year > effective_year) — strict inequality, so gvar_CS = effective_year + 1. | 12 truly never-treated + 4 with effective_year=2012 (treated after sample) = 16 control provinces. | Unit for panel: provinceind = province x industry (245 units). FEs: provinceind + year + industry. | Paper Table 2 Col 1: -0.051 (0.040), N=1755. R TWFE: -0.047 (0.041), N=1756. | Small N gap: Stata drops 1 obs during merge that R doesn't. 8% coefficient gap from merge/processing diffs. | Clustering at province level (31 clusters)."
2303,"Mitigating agricultural fires with carrot or stick? Evidence from China","Cao & Ma (2023)","escalonada_controles","ft90","tbp","temperature; precipitation; windspeed; humidity; winddirection1; winddirection2; winddirection3",NA,NA,"panel","staggered","FALSE","TRUE","5","5","TRUE","FALSE","TRUE","TRUE",NA,NA,NA,NA,"Data prepared by results/2303/prep_data_2303.R from biomass_plant_year_month_MCD12Q1.dta + plant_weather.dta. | Outcome: ft90 — fire frequency count within 0-90 km radius of BPP (main Table 2 outcome). | Treatment: tbp = 1 if biomass power plant is operational in year-month. Binary, absorbing, staggered. | Time variable: ym = (year-2001)*12 + month. Monthly data 2001m1 to 2019m12 (228 periods). | gvar_CS: entry month of BPP operation (125 unique cohorts). Never-treated = 0 (487 plants). | 954 total plants: 467 treated (operational by 2019), 487 never-treated. | TWFE FE override: id^month (plant×calendar month) + prov^year^month (province×year×month). | Paper uses Conley spatial SE (600km bandwidth). Template uses cluster by plant id. | Table 2 Col 3: paper reports -4.863 (1.780 Conley). R TWFE: -4.836 (1.495 cluster). Coefficient ~0.6% gap. | CS-DID uses simple unit+time FEs (no interaction FEs). Weather controls NOT in cs_controls (Pattern 42). | SA uses sunab(gvar_CS, ym). Gardner uses did2s with same FE structure. | Event study: es_2303.R replicates Fig. 4 (k=10) with TWFE, CS-NT, SA, Gardner. | Event study uses YEARLY event time: year_month = first treated year per (id, month) pair. | Paper uses did_imputation (Borusyak 2022). Gardner replicates this; pre-trends flat (~0). | CS-NT diverges at late horizons (Pattern 38: shrinking not-yet-treated control). | TWFE and SA converge well; all estimators confirm significant negative post-treatment effect."
