"scope","item","status","detail","path"
"structure","directory code","PASS","exists","C:/Users/victo/OneDrive/Pesquisas/replication_analysis/Replication Package/code"
"structure","directory data","PASS","exists","C:/Users/victo/OneDrive/Pesquisas/replication_analysis/Replication Package/data"
"structure","directory analysis","PASS","exists","C:/Users/victo/OneDrive/Pesquisas/replication_analysis/Replication Package/analysis"
"structure","directory results","PASS","exists","C:/Users/victo/OneDrive/Pesquisas/replication_analysis/Replication Package/results"
"structure","directory output","PASS","exists","C:/Users/victo/OneDrive/Pesquisas/replication_analysis/Replication Package/output"
"structure","directory overleaf","PASS","exists","C:/Users/victo/OneDrive/Pesquisas/replication_analysis/Replication Package/overleaf"
"structure","directory health_did_replication","PASS","exists","C:/Users/victo/OneDrive/Pesquisas/replication_analysis/Replication Package/health_did_replication"
"code","master script","PASS","exists","C:/Users/victo/OneDrive/Pesquisas/replication_analysis/Replication Package/code/00_master.R"
"code","Tier 1 default","PASS","RUN_TIER2 must default to FALSE for bundled-data reproduction.","C:/Users/victo/OneDrive/Pesquisas/replication_analysis/Replication Package/code/00_master.R"
"code","post-run audit enabled","PASS","RUN_REPRO_CHECKS should be TRUE.","C:/Users/victo/OneDrive/Pesquisas/replication_analysis/Replication Package/code/00_master.R"
"code","MVPF data before MVPF figure","PASS","mvpf_pilots.R must run before 11_mvpf_stress_test.R.","C:/Users/victo/OneDrive/Pesquisas/replication_analysis/Replication Package/code/00_master.R"
"data","metadata count","PASS","56 metadata files","data/metadata"
"data","results directories match metadata","PASS","","results/by_article"
"analysis","consolidated_results.csv","PASS","exists","C:/Users/victo/OneDrive/Pesquisas/replication_analysis/Replication Package/analysis/consolidated_results.csv"
"analysis","consolidated row count","PASS","rows=53; expected non-excluded metadata=53","C:/Users/victo/OneDrive/Pesquisas/replication_analysis/Replication Package/analysis/consolidated_results.csv"
"lesson8","mvpf_stress_test.csv","PASS","exists","C:/Users/victo/OneDrive/Pesquisas/replication_analysis/Replication Package/analysis/mvpf_stress_test.csv"
"lesson8","mvpf_stress_test_long.csv","PASS","exists","C:/Users/victo/OneDrive/Pesquisas/replication_analysis/Replication Package/analysis/mvpf_stress_test_long.csv"
"lesson8","table_4_8_mvpf_stress_test.tex","PASS","exists","C:/Users/victo/OneDrive/Pesquisas/replication_analysis/Replication Package/output/tables/table_4_8_mvpf_stress_test.tex"
"lesson8","figure_4_8_mvpf_stress_test_panelA.pdf","PASS","exists","C:/Users/victo/OneDrive/Pesquisas/replication_analysis/Replication Package/output/figures/figure_4_8_mvpf_stress_test_panelA.pdf"
"lesson8","figure_4_8_mvpf_stress_test_panelB.pdf","PASS","exists","C:/Users/victo/OneDrive/Pesquisas/replication_analysis/Replication Package/output/figures/figure_4_8_mvpf_stress_test_panelB.pdf"
"tables","overleaf appendix_article_cards.tex","PASS","must match output/tables byte-for-byte","C:/Users/victo/OneDrive/Pesquisas/replication_analysis/Replication Package/overleaf/Tables/appendix_article_cards.tex"
"tables","health_did_replication appendix_article_cards.tex","PASS","must match output/tables byte-for-byte","C:/Users/victo/OneDrive/Pesquisas/replication_analysis/Replication Package/health_did_replication/Tables/appendix_article_cards.tex"
"tables","overleaf honest_did_v3_table.tex","PASS","must match output/tables byte-for-byte","C:/Users/victo/OneDrive/Pesquisas/replication_analysis/Replication Package/overleaf/Tables/honest_did_v3_table.tex"
"tables","health_did_replication honest_did_v3_table.tex","PASS","must match output/tables byte-for-byte","C:/Users/victo/OneDrive/Pesquisas/replication_analysis/Replication Package/health_did_replication/Tables/honest_did_v3_table.tex"
"tables","overleaf table_3_2_sample_detailed.tex","PASS","must match output/tables byte-for-byte","C:/Users/victo/OneDrive/Pesquisas/replication_analysis/Replication Package/overleaf/Tables/table_3_2_sample_detailed.tex"
"tables","health_did_replication table_3_2_sample_detailed.tex","PASS","must match output/tables byte-for-byte","C:/Users/victo/OneDrive/Pesquisas/replication_analysis/Replication Package/health_did_replication/Tables/table_3_2_sample_detailed.tex"
"tables","overleaf table_3_3_journal_final.tex","PASS","must match output/tables byte-for-byte","C:/Users/victo/OneDrive/Pesquisas/replication_analysis/Replication Package/overleaf/Tables/table_3_3_journal_final.tex"
"tables","health_did_replication table_3_3_journal_final.tex","PASS","must match output/tables byte-for-byte","C:/Users/victo/OneDrive/Pesquisas/replication_analysis/Replication Package/health_did_replication/Tables/table_3_3_journal_final.tex"
"tables","overleaf table_3_4_estimator_coverage.tex","PASS","must match output/tables byte-for-byte","C:/Users/victo/OneDrive/Pesquisas/replication_analysis/Replication Package/overleaf/Tables/table_3_4_estimator_coverage.tex"
"tables","health_did_replication table_3_4_estimator_coverage.tex","PASS","must match output/tables byte-for-byte","C:/Users/victo/OneDrive/Pesquisas/replication_analysis/Replication Package/health_did_replication/Tables/table_3_4_estimator_coverage.tex"
"tables","overleaf table_3_5_covariate_coverage.tex","PASS","must match output/tables byte-for-byte","C:/Users/victo/OneDrive/Pesquisas/replication_analysis/Replication Package/overleaf/Tables/table_3_5_covariate_coverage.tex"
"tables","health_did_replication table_3_5_covariate_coverage.tex","PASS","must match output/tables byte-for-byte","C:/Users/victo/OneDrive/Pesquisas/replication_analysis/Replication Package/health_did_replication/Tables/table_3_5_covariate_coverage.tex"
"tables","overleaf table_3_selection_balance.tex","PASS","must match output/tables byte-for-byte","C:/Users/victo/OneDrive/Pesquisas/replication_analysis/Replication Package/overleaf/Tables/table_3_selection_balance.tex"
"tables","health_did_replication table_3_selection_balance.tex","PASS","must match output/tables byte-for-byte","C:/Users/victo/OneDrive/Pesquisas/replication_analysis/Replication Package/health_did_replication/Tables/table_3_selection_balance.tex"
"tables","overleaf table_4_1_aggregate_concordance.tex","PASS","must match output/tables byte-for-byte","C:/Users/victo/OneDrive/Pesquisas/replication_analysis/Replication Package/overleaf/Tables/table_4_1_aggregate_concordance.tex"
"tables","health_did_replication table_4_1_aggregate_concordance.tex","PASS","must match output/tables byte-for-byte","C:/Users/victo/OneDrive/Pesquisas/replication_analysis/Replication Package/health_did_replication/Tables/table_4_1_aggregate_concordance.tex"
"tables","overleaf table_4_2_timing_heterogeneity.tex","PASS","must match output/tables byte-for-byte","C:/Users/victo/OneDrive/Pesquisas/replication_analysis/Replication Package/overleaf/Tables/table_4_2_timing_heterogeneity.tex"
"tables","health_did_replication table_4_2_timing_heterogeneity.tex","PASS","must match output/tables byte-for-byte","C:/Users/victo/OneDrive/Pesquisas/replication_analysis/Replication Package/health_did_replication/Tables/table_4_2_timing_heterogeneity.tex"
"tables","overleaf table_4_3_bacon_summary.tex","PASS","must match output/tables byte-for-byte","C:/Users/victo/OneDrive/Pesquisas/replication_analysis/Replication Package/overleaf/Tables/table_4_3_bacon_summary.tex"
"tables","health_did_replication table_4_3_bacon_summary.tex","PASS","must match output/tables byte-for-byte","C:/Users/victo/OneDrive/Pesquisas/replication_analysis/Replication Package/health_did_replication/Tables/table_4_3_bacon_summary.tex"
"tables","overleaf table_4_4_progbin_sensitivity.tex","PASS","must match output/tables byte-for-byte","C:/Users/victo/OneDrive/Pesquisas/replication_analysis/Replication Package/overleaf/Tables/table_4_4_progbin_sensitivity.tex"
"tables","health_did_replication table_4_4_progbin_sensitivity.tex","PASS","must match output/tables byte-for-byte","C:/Users/victo/OneDrive/Pesquisas/replication_analysis/Replication Package/health_did_replication/Tables/table_4_4_progbin_sensitivity.tex"
"tables","overleaf table_4_5_honestdid.tex","PASS","must match output/tables byte-for-byte","C:/Users/victo/OneDrive/Pesquisas/replication_analysis/Replication Package/overleaf/Tables/table_4_5_honestdid.tex"
"tables","health_did_replication table_4_5_honestdid.tex","PASS","must match output/tables byte-for-byte","C:/Users/victo/OneDrive/Pesquisas/replication_analysis/Replication Package/health_did_replication/Tables/table_4_5_honestdid.tex"
"tables","overleaf table_4_6_aggte_comparison.tex","PASS","must match output/tables byte-for-byte","C:/Users/victo/OneDrive/Pesquisas/replication_analysis/Replication Package/overleaf/Tables/table_4_6_aggte_comparison.tex"
"tables","health_did_replication table_4_6_aggte_comparison.tex","PASS","must match output/tables byte-for-byte","C:/Users/victo/OneDrive/Pesquisas/replication_analysis/Replication Package/health_did_replication/Tables/table_4_6_aggte_comparison.tex"
"tables","overleaf table_4_7_margin_attribution.tex","PASS","must match output/tables byte-for-byte","C:/Users/victo/OneDrive/Pesquisas/replication_analysis/Replication Package/overleaf/Tables/table_4_7_margin_attribution.tex"
"tables","health_did_replication table_4_7_margin_attribution.tex","PASS","must match output/tables byte-for-byte","C:/Users/victo/OneDrive/Pesquisas/replication_analysis/Replication Package/health_did_replication/Tables/table_4_7_margin_attribution.tex"
"tables","overleaf table_4_8_mvpf_stress_test.tex","PASS","must match output/tables byte-for-byte","C:/Users/victo/OneDrive/Pesquisas/replication_analysis/Replication Package/overleaf/Tables/table_4_8_mvpf_stress_test.tex"
"tables","health_did_replication table_4_8_mvpf_stress_test.tex","PASS","must match output/tables byte-for-byte","C:/Users/victo/OneDrive/Pesquisas/replication_analysis/Replication Package/health_did_replication/Tables/table_4_8_mvpf_stress_test.tex"
"figures","overleaf agregado/agregado_dynamic_v3.pdf","PASS","must match mapped output/figures file byte-for-byte","C:/Users/victo/OneDrive/Pesquisas/replication_analysis/Replication Package/overleaf/Figures/agregado/agregado_dynamic_v3.pdf"
"figures","health_did_replication agregado/agregado_dynamic_v3.pdf","PASS","must match mapped output/figures file byte-for-byte","C:/Users/victo/OneDrive/Pesquisas/replication_analysis/Replication Package/health_did_replication/Figures/agregado/agregado_dynamic_v3.pdf"
"figures","overleaf agregado/density_z_dynamic.pdf","PASS","must match mapped output/figures file byte-for-byte","C:/Users/victo/OneDrive/Pesquisas/replication_analysis/Replication Package/overleaf/Figures/agregado/density_z_dynamic.pdf"
"figures","health_did_replication agregado/density_z_dynamic.pdf","PASS","must match mapped output/figures file byte-for-byte","C:/Users/victo/OneDrive/Pesquisas/replication_analysis/Replication Package/health_did_replication/Figures/agregado/density_z_dynamic.pdf"
"figures","overleaf agregado/variacao_pct_dynamic.pdf","PASS","must match mapped output/figures file byte-for-byte","C:/Users/victo/OneDrive/Pesquisas/replication_analysis/Replication Package/overleaf/Figures/agregado/variacao_pct_dynamic.pdf"
"figures","health_did_replication agregado/variacao_pct_dynamic.pdf","PASS","must match mapped output/figures file byte-for-byte","C:/Users/victo/OneDrive/Pesquisas/replication_analysis/Replication Package/health_did_replication/Figures/agregado/variacao_pct_dynamic.pdf"
"figures","overleaf agregado/panel_es_6cases.pdf","PASS","must match mapped output/figures file byte-for-byte","C:/Users/victo/OneDrive/Pesquisas/replication_analysis/Replication Package/overleaf/Figures/agregado/panel_es_6cases.pdf"
"figures","health_did_replication agregado/panel_es_6cases.pdf","PASS","must match mapped output/figures file byte-for-byte","C:/Users/victo/OneDrive/Pesquisas/replication_analysis/Replication Package/health_did_replication/Figures/agregado/panel_es_6cases.pdf"
"figures","overleaf agregado/panel_binning_76.pdf","PASS","must match mapped output/figures file byte-for-byte","C:/Users/victo/OneDrive/Pesquisas/replication_analysis/Replication Package/overleaf/Figures/agregado/panel_binning_76.pdf"
"figures","health_did_replication agregado/panel_binning_76.pdf","PASS","must match mapped output/figures file byte-for-byte","C:/Users/victo/OneDrive/Pesquisas/replication_analysis/Replication Package/health_did_replication/Figures/agregado/panel_binning_76.pdf"
"figures","overleaf agregado/density_covariates_zscore.pdf","PASS","must match mapped output/figures file byte-for-byte","C:/Users/victo/OneDrive/Pesquisas/replication_analysis/Replication Package/overleaf/Figures/agregado/density_covariates_zscore.pdf"
"figures","health_did_replication agregado/density_covariates_zscore.pdf","PASS","must match mapped output/figures file byte-for-byte","C:/Users/victo/OneDrive/Pesquisas/replication_analysis/Replication Package/health_did_replication/Figures/agregado/density_covariates_zscore.pdf"
"figures","overleaf agregado/panel_csdid_controls_133.pdf","PASS","must match mapped output/figures file byte-for-byte","C:/Users/victo/OneDrive/Pesquisas/replication_analysis/Replication Package/overleaf/Figures/agregado/panel_csdid_controls_133.pdf"
"figures","health_did_replication agregado/panel_csdid_controls_133.pdf","PASS","must match mapped output/figures file byte-for-byte","C:/Users/victo/OneDrive/Pesquisas/replication_analysis/Replication Package/health_did_replication/Figures/agregado/panel_csdid_controls_133.pdf"
"figures","overleaf agregado/panel_graduated_sensitivity.pdf","PASS","must match mapped output/figures file byte-for-byte","C:/Users/victo/OneDrive/Pesquisas/replication_analysis/Replication Package/overleaf/Figures/agregado/panel_graduated_sensitivity.pdf"
"figures","health_did_replication agregado/panel_graduated_sensitivity.pdf","PASS","must match mapped output/figures file byte-for-byte","C:/Users/victo/OneDrive/Pesquisas/replication_analysis/Replication Package/health_did_replication/Figures/agregado/panel_graduated_sensitivity.pdf"
"figures","overleaf agregado/figure_4_1_aggregate_scatter_matched.pdf","PASS","must match mapped output/figures file byte-for-byte","C:/Users/victo/OneDrive/Pesquisas/replication_analysis/Replication Package/overleaf/Figures/agregado/figure_4_1_aggregate_scatter_matched.pdf"
"figures","health_did_replication agregado/figure_4_1_aggregate_scatter_matched.pdf","PASS","must match mapped output/figures file byte-for-byte","C:/Users/victo/OneDrive/Pesquisas/replication_analysis/Replication Package/health_did_replication/Figures/agregado/figure_4_1_aggregate_scatter_matched.pdf"
"figures","overleaf agregado/figure_4_1_headline_composite.pdf","PASS","must match mapped output/figures file byte-for-byte","C:/Users/victo/OneDrive/Pesquisas/replication_analysis/Replication Package/overleaf/Figures/agregado/figure_4_1_headline_composite.pdf"
"figures","health_did_replication agregado/figure_4_1_headline_composite.pdf","PASS","must match mapped output/figures file byte-for-byte","C:/Users/victo/OneDrive/Pesquisas/replication_analysis/Replication Package/health_did_replication/Figures/agregado/figure_4_1_headline_composite.pdf"
"figures","overleaf agregado/figure_4_1_signif_matrix.pdf","PASS","must match mapped output/figures file byte-for-byte","C:/Users/victo/OneDrive/Pesquisas/replication_analysis/Replication Package/overleaf/Figures/agregado/figure_4_1_signif_matrix.pdf"
"figures","health_did_replication agregado/figure_4_1_signif_matrix.pdf","PASS","must match mapped output/figures file byte-for-byte","C:/Users/victo/OneDrive/Pesquisas/replication_analysis/Replication Package/health_did_replication/Figures/agregado/figure_4_1_signif_matrix.pdf"
"figures","overleaf agregado/variacao_pct_matched.pdf","PASS","must match mapped output/figures file byte-for-byte","C:/Users/victo/OneDrive/Pesquisas/replication_analysis/Replication Package/overleaf/Figures/agregado/variacao_pct_matched.pdf"
"figures","health_did_replication agregado/variacao_pct_matched.pdf","PASS","must match mapped output/figures file byte-for-byte","C:/Users/victo/OneDrive/Pesquisas/replication_analysis/Replication Package/health_did_replication/Figures/agregado/variacao_pct_matched.pdf"
"figures","overleaf bacon/figure_4_X_bacon_dcdh_maclean.pdf","PASS","must match mapped output/figures file byte-for-byte","C:/Users/victo/OneDrive/Pesquisas/replication_analysis/Replication Package/overleaf/Figures/bacon/figure_4_X_bacon_dcdh_maclean.pdf"
"figures","health_did_replication bacon/figure_4_X_bacon_dcdh_maclean.pdf","PASS","must match mapped output/figures file byte-for-byte","C:/Users/victo/OneDrive/Pesquisas/replication_analysis/Replication Package/health_did_replication/Figures/bacon/figure_4_X_bacon_dcdh_maclean.pdf"
"figures","overleaf figure_4_8_mvpf_stress_test.pdf","PASS","must match mapped output/figures file byte-for-byte","C:/Users/victo/OneDrive/Pesquisas/replication_analysis/Replication Package/overleaf/Figures/figure_4_8_mvpf_stress_test.pdf"
"figures","health_did_replication figure_4_8_mvpf_stress_test.pdf","PASS","must match mapped output/figures file byte-for-byte","C:/Users/victo/OneDrive/Pesquisas/replication_analysis/Replication Package/health_did_replication/Figures/figure_4_8_mvpf_stress_test.pdf"
"figures","overleaf figure_4_8_mvpf_stress_test_panelA.pdf","PASS","must match mapped output/figures file byte-for-byte","C:/Users/victo/OneDrive/Pesquisas/replication_analysis/Replication Package/overleaf/Figures/figure_4_8_mvpf_stress_test_panelA.pdf"
"figures","health_did_replication figure_4_8_mvpf_stress_test_panelA.pdf","PASS","must match mapped output/figures file byte-for-byte","C:/Users/victo/OneDrive/Pesquisas/replication_analysis/Replication Package/health_did_replication/Figures/figure_4_8_mvpf_stress_test_panelA.pdf"
"figures","overleaf figure_4_8_mvpf_stress_test_panelB.pdf","PASS","must match mapped output/figures file byte-for-byte","C:/Users/victo/OneDrive/Pesquisas/replication_analysis/Replication Package/overleaf/Figures/figure_4_8_mvpf_stress_test_panelB.pdf"
"figures","health_did_replication figure_4_8_mvpf_stress_test_panelB.pdf","PASS","must match mapped output/figures file byte-for-byte","C:/Users/victo/OneDrive/Pesquisas/replication_analysis/Replication Package/health_did_replication/Figures/figure_4_8_mvpf_stress_test_panelB.pdf"
"figures","overleaf sensitivity/event_study_sensitivity_210.pdf","PASS","must match mapped output/figures file byte-for-byte","C:/Users/victo/OneDrive/Pesquisas/replication_analysis/Replication Package/overleaf/Figures/sensitivity/event_study_sensitivity_210.pdf"
"figures","health_did_replication sensitivity/event_study_sensitivity_210.pdf","PASS","must match mapped output/figures file byte-for-byte","C:/Users/victo/OneDrive/Pesquisas/replication_analysis/Replication Package/health_did_replication/Figures/sensitivity/event_study_sensitivity_210.pdf"
"latex","overleaf Tables/table_3_2_sample_detailed.tex","PASS","exists","C:/Users/victo/OneDrive/Pesquisas/replication_analysis/Replication Package/overleaf/Tables/table_3_2_sample_detailed.tex"
"latex","working-paper Tables/table_3_2_sample_detailed.tex","PASS","exists","C:/Users/victo/OneDrive/Pesquisas/replication_analysis/Replication Package/health_did_replication/Tables/table_3_2_sample_detailed.tex"
"latex","overleaf Tables/table_3_selection_balance.tex","PASS","exists","C:/Users/victo/OneDrive/Pesquisas/replication_analysis/Replication Package/overleaf/Tables/table_3_selection_balance.tex"
"latex","working-paper Tables/table_3_selection_balance.tex","PASS","exists","C:/Users/victo/OneDrive/Pesquisas/replication_analysis/Replication Package/health_did_replication/Tables/table_3_selection_balance.tex"
"latex","overleaf Tables/table_3_5_covariate_coverage.tex","PASS","exists","C:/Users/victo/OneDrive/Pesquisas/replication_analysis/Replication Package/overleaf/Tables/table_3_5_covariate_coverage.tex"
"latex","working-paper Tables/table_3_5_covariate_coverage.tex","PASS","exists","C:/Users/victo/OneDrive/Pesquisas/replication_analysis/Replication Package/health_did_replication/Tables/table_3_5_covariate_coverage.tex"
"latex","overleaf Tables/table_4_1_aggregate_concordance.tex","PASS","exists","C:/Users/victo/OneDrive/Pesquisas/replication_analysis/Replication Package/overleaf/Tables/table_4_1_aggregate_concordance.tex"
"latex","working-paper Tables/table_4_1_aggregate_concordance.tex","PASS","exists","C:/Users/victo/OneDrive/Pesquisas/replication_analysis/Replication Package/health_did_replication/Tables/table_4_1_aggregate_concordance.tex"
"latex","overleaf Tables/table_4_2_timing_heterogeneity.tex","PASS","exists","C:/Users/victo/OneDrive/Pesquisas/replication_analysis/Replication Package/overleaf/Tables/table_4_2_timing_heterogeneity.tex"
"latex","working-paper Tables/table_4_2_timing_heterogeneity.tex","PASS","exists","C:/Users/victo/OneDrive/Pesquisas/replication_analysis/Replication Package/health_did_replication/Tables/table_4_2_timing_heterogeneity.tex"
"latex","overleaf Tables/table_4_3_bacon_summary.tex","PASS","exists","C:/Users/victo/OneDrive/Pesquisas/replication_analysis/Replication Package/overleaf/Tables/table_4_3_bacon_summary.tex"
"latex","working-paper Tables/table_4_3_bacon_summary.tex","PASS","exists","C:/Users/victo/OneDrive/Pesquisas/replication_analysis/Replication Package/health_did_replication/Tables/table_4_3_bacon_summary.tex"
"latex","overleaf Tables/table_4_4_progbin_sensitivity.tex","PASS","exists","C:/Users/victo/OneDrive/Pesquisas/replication_analysis/Replication Package/overleaf/Tables/table_4_4_progbin_sensitivity.tex"
"latex","working-paper Tables/table_4_4_progbin_sensitivity.tex","PASS","exists","C:/Users/victo/OneDrive/Pesquisas/replication_analysis/Replication Package/health_did_replication/Tables/table_4_4_progbin_sensitivity.tex"
"latex","overleaf Tables/table_4_5_honestdid.tex","PASS","exists","C:/Users/victo/OneDrive/Pesquisas/replication_analysis/Replication Package/overleaf/Tables/table_4_5_honestdid.tex"
"latex","working-paper Tables/table_4_5_honestdid.tex","PASS","exists","C:/Users/victo/OneDrive/Pesquisas/replication_analysis/Replication Package/health_did_replication/Tables/table_4_5_honestdid.tex"
"latex","overleaf Tables/table_4_6_aggte_comparison.tex","PASS","exists","C:/Users/victo/OneDrive/Pesquisas/replication_analysis/Replication Package/overleaf/Tables/table_4_6_aggte_comparison.tex"
"latex","working-paper Tables/table_4_6_aggte_comparison.tex","PASS","exists","C:/Users/victo/OneDrive/Pesquisas/replication_analysis/Replication Package/health_did_replication/Tables/table_4_6_aggte_comparison.tex"
"latex","overleaf Tables/table_4_8_mvpf_stress_test.tex","PASS","exists","C:/Users/victo/OneDrive/Pesquisas/replication_analysis/Replication Package/overleaf/Tables/table_4_8_mvpf_stress_test.tex"
"latex","working-paper Tables/table_4_8_mvpf_stress_test.tex","PASS","exists","C:/Users/victo/OneDrive/Pesquisas/replication_analysis/Replication Package/health_did_replication/Tables/table_4_8_mvpf_stress_test.tex"
"latex","overleaf Figures/agregado/variacao_pct_dynamic.pdf","PASS","exists","C:/Users/victo/OneDrive/Pesquisas/replication_analysis/Replication Package/overleaf/Figures/agregado/variacao_pct_dynamic.pdf"
"latex","working-paper Figures/agregado/variacao_pct_dynamic.pdf","PASS","exists","C:/Users/victo/OneDrive/Pesquisas/replication_analysis/Replication Package/health_did_replication/Figures/agregado/variacao_pct_dynamic.pdf"
"latex","overleaf Figures/agregado/agregado_dynamic_v3.pdf","PASS","exists","C:/Users/victo/OneDrive/Pesquisas/replication_analysis/Replication Package/overleaf/Figures/agregado/agregado_dynamic_v3.pdf"
"latex","working-paper Figures/agregado/agregado_dynamic_v3.pdf","PASS","exists","C:/Users/victo/OneDrive/Pesquisas/replication_analysis/Replication Package/health_did_replication/Figures/agregado/agregado_dynamic_v3.pdf"
"latex","overleaf Figures/bacon/figure_4_X_bacon_dcdh_maclean.pdf","PASS","exists","C:/Users/victo/OneDrive/Pesquisas/replication_analysis/Replication Package/overleaf/Figures/bacon/figure_4_X_bacon_dcdh_maclean.pdf"
"latex","working-paper Figures/bacon/figure_4_X_bacon_dcdh_maclean.pdf","PASS","exists","C:/Users/victo/OneDrive/Pesquisas/replication_analysis/Replication Package/health_did_replication/Figures/bacon/figure_4_X_bacon_dcdh_maclean.pdf"
"latex","overleaf Figures/event_study/id_228_event_study.pdf","PASS","exists","C:/Users/victo/OneDrive/Pesquisas/replication_analysis/Replication Package/overleaf/Figures/event_study/id_228_event_study.pdf"
"latex","working-paper Figures/event_study/id_228_event_study.pdf","PASS","exists","C:/Users/victo/OneDrive/Pesquisas/replication_analysis/Replication Package/health_did_replication/Figures/event_study/id_228_event_study.pdf"
"latex","overleaf Figures/event_study/id_79_event_study.pdf","PASS","exists","C:/Users/victo/OneDrive/Pesquisas/replication_analysis/Replication Package/overleaf/Figures/event_study/id_79_event_study.pdf"
"latex","working-paper Figures/event_study/id_79_event_study.pdf","PASS","exists","C:/Users/victo/OneDrive/Pesquisas/replication_analysis/Replication Package/health_did_replication/Figures/event_study/id_79_event_study.pdf"
"latex","overleaf Figures/agregado/density_covariates_zscore.pdf","PASS","exists","C:/Users/victo/OneDrive/Pesquisas/replication_analysis/Replication Package/overleaf/Figures/agregado/density_covariates_zscore.pdf"
"latex","working-paper Figures/agregado/density_covariates_zscore.pdf","PASS","exists","C:/Users/victo/OneDrive/Pesquisas/replication_analysis/Replication Package/health_did_replication/Figures/agregado/density_covariates_zscore.pdf"
"latex","overleaf Figures/agregado/panel_csdid_controls_133.pdf","PASS","exists","C:/Users/victo/OneDrive/Pesquisas/replication_analysis/Replication Package/overleaf/Figures/agregado/panel_csdid_controls_133.pdf"
"latex","working-paper Figures/agregado/panel_csdid_controls_133.pdf","PASS","exists","C:/Users/victo/OneDrive/Pesquisas/replication_analysis/Replication Package/health_did_replication/Figures/agregado/panel_csdid_controls_133.pdf"
"latex","overleaf Figures/agregado/panel_graduated_sensitivity.pdf","PASS","exists","C:/Users/victo/OneDrive/Pesquisas/replication_analysis/Replication Package/overleaf/Figures/agregado/panel_graduated_sensitivity.pdf"
"latex","working-paper Figures/agregado/panel_graduated_sensitivity.pdf","PASS","exists","C:/Users/victo/OneDrive/Pesquisas/replication_analysis/Replication Package/health_did_replication/Figures/agregado/panel_graduated_sensitivity.pdf"
"latex","overleaf Figures/agregado/panel_es_6cases.pdf","PASS","exists","C:/Users/victo/OneDrive/Pesquisas/replication_analysis/Replication Package/overleaf/Figures/agregado/panel_es_6cases.pdf"
"latex","working-paper Figures/agregado/panel_es_6cases.pdf","PASS","exists","C:/Users/victo/OneDrive/Pesquisas/replication_analysis/Replication Package/health_did_replication/Figures/agregado/panel_es_6cases.pdf"
"latex","overleaf Figures/agregado/panel_binning_76.pdf","PASS","exists","C:/Users/victo/OneDrive/Pesquisas/replication_analysis/Replication Package/overleaf/Figures/agregado/panel_binning_76.pdf"
"latex","working-paper Figures/agregado/panel_binning_76.pdf","PASS","exists","C:/Users/victo/OneDrive/Pesquisas/replication_analysis/Replication Package/health_did_replication/Figures/agregado/panel_binning_76.pdf"
"latex","overleaf Figures/sensitivity/event_study_sensitivity_210.pdf","PASS","exists","C:/Users/victo/OneDrive/Pesquisas/replication_analysis/Replication Package/overleaf/Figures/sensitivity/event_study_sensitivity_210.pdf"
"latex","working-paper Figures/sensitivity/event_study_sensitivity_210.pdf","PASS","exists","C:/Users/victo/OneDrive/Pesquisas/replication_analysis/Replication Package/health_did_replication/Figures/sensitivity/event_study_sensitivity_210.pdf"
"latex","overleaf Figures/figure_4_8_mvpf_stress_test_panelA.pdf","PASS","exists","C:/Users/victo/OneDrive/Pesquisas/replication_analysis/Replication Package/overleaf/Figures/figure_4_8_mvpf_stress_test_panelA.pdf"
"latex","working-paper Figures/figure_4_8_mvpf_stress_test_panelA.pdf","PASS","exists","C:/Users/victo/OneDrive/Pesquisas/replication_analysis/Replication Package/health_did_replication/Figures/figure_4_8_mvpf_stress_test_panelA.pdf"
"latex","overleaf Figures/figure_4_8_mvpf_stress_test_panelB.pdf","PASS","exists","C:/Users/victo/OneDrive/Pesquisas/replication_analysis/Replication Package/overleaf/Figures/figure_4_8_mvpf_stress_test_panelB.pdf"
"latex","working-paper Figures/figure_4_8_mvpf_stress_test_panelB.pdf","PASS","exists","C:/Users/victo/OneDrive/Pesquisas/replication_analysis/Replication Package/health_did_replication/Figures/figure_4_8_mvpf_stress_test_panelB.pdf"
"latex","overleaf Figures/event_study/id_9_event_study.pdf","PASS","exists","C:/Users/victo/OneDrive/Pesquisas/replication_analysis/Replication Package/overleaf/Figures/event_study/id_9_event_study.pdf"
"latex","working-paper Figures/event_study/id_9_event_study.pdf","PASS","exists","C:/Users/victo/OneDrive/Pesquisas/replication_analysis/Replication Package/health_did_replication/Figures/event_study/id_9_event_study.pdf"
"latex","overleaf Figures/honestdid/id_9_honest_did_v3.pdf","PASS","exists","C:/Users/victo/OneDrive/Pesquisas/replication_analysis/Replication Package/overleaf/Figures/honestdid/id_9_honest_did_v3.pdf"
"latex","working-paper Figures/honestdid/id_9_honest_did_v3.pdf","PASS","exists","C:/Users/victo/OneDrive/Pesquisas/replication_analysis/Replication Package/health_did_replication/Figures/honestdid/id_9_honest_did_v3.pdf"
"latex","overleaf Figures/event_study/id_21_event_study.pdf","PASS","exists","C:/Users/victo/OneDrive/Pesquisas/replication_analysis/Replication Package/overleaf/Figures/event_study/id_21_event_study.pdf"
"latex","working-paper Figures/event_study/id_21_event_study.pdf","PASS","exists","C:/Users/victo/OneDrive/Pesquisas/replication_analysis/Replication Package/health_did_replication/Figures/event_study/id_21_event_study.pdf"
"latex","overleaf Figures/honestdid/id_21_honest_did_v3.pdf","PASS","exists","C:/Users/victo/OneDrive/Pesquisas/replication_analysis/Replication Package/overleaf/Figures/honestdid/id_21_honest_did_v3.pdf"
"latex","working-paper Figures/honestdid/id_21_honest_did_v3.pdf","PASS","exists","C:/Users/victo/OneDrive/Pesquisas/replication_analysis/Replication Package/health_did_replication/Figures/honestdid/id_21_honest_did_v3.pdf"
"latex","overleaf Figures/event_study/id_25_event_study.pdf","PASS","exists","C:/Users/victo/OneDrive/Pesquisas/replication_analysis/Replication Package/overleaf/Figures/event_study/id_25_event_study.pdf"
"latex","working-paper Figures/event_study/id_25_event_study.pdf","PASS","exists","C:/Users/victo/OneDrive/Pesquisas/replication_analysis/Replication Package/health_did_replication/Figures/event_study/id_25_event_study.pdf"
"latex","overleaf Figures/honestdid/id_25_honest_did_v3.pdf","PASS","exists","C:/Users/victo/OneDrive/Pesquisas/replication_analysis/Replication Package/overleaf/Figures/honestdid/id_25_honest_did_v3.pdf"
"latex","working-paper Figures/honestdid/id_25_honest_did_v3.pdf","PASS","exists","C:/Users/victo/OneDrive/Pesquisas/replication_analysis/Replication Package/health_did_replication/Figures/honestdid/id_25_honest_did_v3.pdf"
"latex","overleaf Figures/event_study/id_44_event_study.pdf","PASS","exists","C:/Users/victo/OneDrive/Pesquisas/replication_analysis/Replication Package/overleaf/Figures/event_study/id_44_event_study.pdf"
"latex","working-paper Figures/event_study/id_44_event_study.pdf","PASS","exists","C:/Users/victo/OneDrive/Pesquisas/replication_analysis/Replication Package/health_did_replication/Figures/event_study/id_44_event_study.pdf"
"latex","overleaf Figures/honestdid/id_44_honest_did_v3.pdf","PASS","exists","C:/Users/victo/OneDrive/Pesquisas/replication_analysis/Replication Package/overleaf/Figures/honestdid/id_44_honest_did_v3.pdf"
"latex","working-paper Figures/honestdid/id_44_honest_did_v3.pdf","PASS","exists","C:/Users/victo/OneDrive/Pesquisas/replication_analysis/Replication Package/health_did_replication/Figures/honestdid/id_44_honest_did_v3.pdf"
"latex","overleaf Figures/event_study/id_47_event_study.pdf","PASS","exists","C:/Users/victo/OneDrive/Pesquisas/replication_analysis/Replication Package/overleaf/Figures/event_study/id_47_event_study.pdf"
"latex","working-paper Figures/event_study/id_47_event_study.pdf","PASS","exists","C:/Users/victo/OneDrive/Pesquisas/replication_analysis/Replication Package/health_did_replication/Figures/event_study/id_47_event_study.pdf"
"latex","overleaf Figures/honestdid/id_47_honest_did_v3.pdf","PASS","exists","C:/Users/victo/OneDrive/Pesquisas/replication_analysis/Replication Package/overleaf/Figures/honestdid/id_47_honest_did_v3.pdf"
"latex","working-paper Figures/honestdid/id_47_honest_did_v3.pdf","PASS","exists","C:/Users/victo/OneDrive/Pesquisas/replication_analysis/Replication Package/health_did_replication/Figures/honestdid/id_47_honest_did_v3.pdf"
"latex","overleaf Figures/event_study/id_60_event_study.pdf","PASS","exists","C:/Users/victo/OneDrive/Pesquisas/replication_analysis/Replication Package/overleaf/Figures/event_study/id_60_event_study.pdf"
"latex","working-paper Figures/event_study/id_60_event_study.pdf","PASS","exists","C:/Users/victo/OneDrive/Pesquisas/replication_analysis/Replication Package/health_did_replication/Figures/event_study/id_60_event_study.pdf"
"latex","overleaf Figures/honestdid/id_60_honest_did_v3.pdf","PASS","exists","C:/Users/victo/OneDrive/Pesquisas/replication_analysis/Replication Package/overleaf/Figures/honestdid/id_60_honest_did_v3.pdf"
"latex","working-paper Figures/honestdid/id_60_honest_did_v3.pdf","PASS","exists","C:/Users/victo/OneDrive/Pesquisas/replication_analysis/Replication Package/health_did_replication/Figures/honestdid/id_60_honest_did_v3.pdf"
"latex","overleaf Figures/event_study/id_65_event_study.pdf","PASS","exists","C:/Users/victo/OneDrive/Pesquisas/replication_analysis/Replication Package/overleaf/Figures/event_study/id_65_event_study.pdf"
"latex","working-paper Figures/event_study/id_65_event_study.pdf","PASS","exists","C:/Users/victo/OneDrive/Pesquisas/replication_analysis/Replication Package/health_did_replication/Figures/event_study/id_65_event_study.pdf"
"latex","overleaf Figures/honestdid/id_65_honest_did_v3.pdf","PASS","exists","C:/Users/victo/OneDrive/Pesquisas/replication_analysis/Replication Package/overleaf/Figures/honestdid/id_65_honest_did_v3.pdf"
"latex","working-paper Figures/honestdid/id_65_honest_did_v3.pdf","PASS","exists","C:/Users/victo/OneDrive/Pesquisas/replication_analysis/Replication Package/health_did_replication/Figures/honestdid/id_65_honest_did_v3.pdf"
"latex","overleaf Figures/event_study/id_76_event_study.pdf","PASS","exists","C:/Users/victo/OneDrive/Pesquisas/replication_analysis/Replication Package/overleaf/Figures/event_study/id_76_event_study.pdf"
"latex","working-paper Figures/event_study/id_76_event_study.pdf","PASS","exists","C:/Users/victo/OneDrive/Pesquisas/replication_analysis/Replication Package/health_did_replication/Figures/event_study/id_76_event_study.pdf"
"latex","overleaf Figures/honestdid/id_76_honest_did_v3.pdf","PASS","exists","C:/Users/victo/OneDrive/Pesquisas/replication_analysis/Replication Package/overleaf/Figures/honestdid/id_76_honest_did_v3.pdf"
"latex","working-paper Figures/honestdid/id_76_honest_did_v3.pdf","PASS","exists","C:/Users/victo/OneDrive/Pesquisas/replication_analysis/Replication Package/health_did_replication/Figures/honestdid/id_76_honest_did_v3.pdf"
"latex","overleaf Figures/honestdid/id_79_honest_did_v3.pdf","PASS","exists","C:/Users/victo/OneDrive/Pesquisas/replication_analysis/Replication Package/overleaf/Figures/honestdid/id_79_honest_did_v3.pdf"
"latex","working-paper Figures/honestdid/id_79_honest_did_v3.pdf","PASS","exists","C:/Users/victo/OneDrive/Pesquisas/replication_analysis/Replication Package/health_did_replication/Figures/honestdid/id_79_honest_did_v3.pdf"
"latex","overleaf Figures/event_study/id_80_event_study.pdf","PASS","exists","C:/Users/victo/OneDrive/Pesquisas/replication_analysis/Replication Package/overleaf/Figures/event_study/id_80_event_study.pdf"
"latex","working-paper Figures/event_study/id_80_event_study.pdf","PASS","exists","C:/Users/victo/OneDrive/Pesquisas/replication_analysis/Replication Package/health_did_replication/Figures/event_study/id_80_event_study.pdf"
"latex","overleaf Figures/event_study/id_97_event_study.pdf","PASS","exists","C:/Users/victo/OneDrive/Pesquisas/replication_analysis/Replication Package/overleaf/Figures/event_study/id_97_event_study.pdf"
"latex","working-paper Figures/event_study/id_97_event_study.pdf","PASS","exists","C:/Users/victo/OneDrive/Pesquisas/replication_analysis/Replication Package/health_did_replication/Figures/event_study/id_97_event_study.pdf"
"latex","overleaf Figures/honestdid/id_97_honest_did_v3.pdf","PASS","exists","C:/Users/victo/OneDrive/Pesquisas/replication_analysis/Replication Package/overleaf/Figures/honestdid/id_97_honest_did_v3.pdf"
"latex","working-paper Figures/honestdid/id_97_honest_did_v3.pdf","PASS","exists","C:/Users/victo/OneDrive/Pesquisas/replication_analysis/Replication Package/health_did_replication/Figures/honestdid/id_97_honest_did_v3.pdf"
"latex","overleaf Figures/event_study/id_125_event_study.pdf","PASS","exists","C:/Users/victo/OneDrive/Pesquisas/replication_analysis/Replication Package/overleaf/Figures/event_study/id_125_event_study.pdf"
"latex","working-paper Figures/event_study/id_125_event_study.pdf","PASS","exists","C:/Users/victo/OneDrive/Pesquisas/replication_analysis/Replication Package/health_did_replication/Figures/event_study/id_125_event_study.pdf"
"latex","overleaf Figures/honestdid/id_125_honest_did_v3.pdf","PASS","exists","C:/Users/victo/OneDrive/Pesquisas/replication_analysis/Replication Package/overleaf/Figures/honestdid/id_125_honest_did_v3.pdf"
"latex","working-paper Figures/honestdid/id_125_honest_did_v3.pdf","PASS","exists","C:/Users/victo/OneDrive/Pesquisas/replication_analysis/Replication Package/health_did_replication/Figures/honestdid/id_125_honest_did_v3.pdf"
"latex","overleaf Figures/event_study/id_133_event_study.pdf","PASS","exists","C:/Users/victo/OneDrive/Pesquisas/replication_analysis/Replication Package/overleaf/Figures/event_study/id_133_event_study.pdf"
"latex","working-paper Figures/event_study/id_133_event_study.pdf","PASS","exists","C:/Users/victo/OneDrive/Pesquisas/replication_analysis/Replication Package/health_did_replication/Figures/event_study/id_133_event_study.pdf"
"latex","overleaf Figures/honestdid/id_133_honest_did_v3.pdf","PASS","exists","C:/Users/victo/OneDrive/Pesquisas/replication_analysis/Replication Package/overleaf/Figures/honestdid/id_133_honest_did_v3.pdf"
"latex","working-paper Figures/honestdid/id_133_honest_did_v3.pdf","PASS","exists","C:/Users/victo/OneDrive/Pesquisas/replication_analysis/Replication Package/health_did_replication/Figures/honestdid/id_133_honest_did_v3.pdf"
"latex","overleaf Figures/event_study/id_147_event_study.pdf","PASS","exists","C:/Users/victo/OneDrive/Pesquisas/replication_analysis/Replication Package/overleaf/Figures/event_study/id_147_event_study.pdf"
"latex","working-paper Figures/event_study/id_147_event_study.pdf","PASS","exists","C:/Users/victo/OneDrive/Pesquisas/replication_analysis/Replication Package/health_did_replication/Figures/event_study/id_147_event_study.pdf"
"latex","overleaf Figures/honestdid/id_147_honest_did_v3.pdf","PASS","exists","C:/Users/victo/OneDrive/Pesquisas/replication_analysis/Replication Package/overleaf/Figures/honestdid/id_147_honest_did_v3.pdf"
"latex","working-paper Figures/honestdid/id_147_honest_did_v3.pdf","PASS","exists","C:/Users/victo/OneDrive/Pesquisas/replication_analysis/Replication Package/health_did_replication/Figures/honestdid/id_147_honest_did_v3.pdf"
"latex","overleaf Figures/event_study/id_201_event_study.pdf","PASS","exists","C:/Users/victo/OneDrive/Pesquisas/replication_analysis/Replication Package/overleaf/Figures/event_study/id_201_event_study.pdf"
"latex","working-paper Figures/event_study/id_201_event_study.pdf","PASS","exists","C:/Users/victo/OneDrive/Pesquisas/replication_analysis/Replication Package/health_did_replication/Figures/event_study/id_201_event_study.pdf"
"latex","overleaf Figures/honestdid/id_201_honest_did_v3.pdf","PASS","exists","C:/Users/victo/OneDrive/Pesquisas/replication_analysis/Replication Package/overleaf/Figures/honestdid/id_201_honest_did_v3.pdf"
"latex","working-paper Figures/honestdid/id_201_honest_did_v3.pdf","PASS","exists","C:/Users/victo/OneDrive/Pesquisas/replication_analysis/Replication Package/health_did_replication/Figures/honestdid/id_201_honest_did_v3.pdf"
"latex","overleaf Figures/event_study/id_210_event_study.pdf","PASS","exists","C:/Users/victo/OneDrive/Pesquisas/replication_analysis/Replication Package/overleaf/Figures/event_study/id_210_event_study.pdf"
"latex","working-paper Figures/event_study/id_210_event_study.pdf","PASS","exists","C:/Users/victo/OneDrive/Pesquisas/replication_analysis/Replication Package/health_did_replication/Figures/event_study/id_210_event_study.pdf"
"latex","overleaf Figures/honestdid/id_210_honest_did_v3.pdf","PASS","exists","C:/Users/victo/OneDrive/Pesquisas/replication_analysis/Replication Package/overleaf/Figures/honestdid/id_210_honest_did_v3.pdf"
"latex","working-paper Figures/honestdid/id_210_honest_did_v3.pdf","PASS","exists","C:/Users/victo/OneDrive/Pesquisas/replication_analysis/Replication Package/health_did_replication/Figures/honestdid/id_210_honest_did_v3.pdf"
"latex","overleaf Figures/event_study/id_213_event_study.pdf","PASS","exists","C:/Users/victo/OneDrive/Pesquisas/replication_analysis/Replication Package/overleaf/Figures/event_study/id_213_event_study.pdf"
"latex","working-paper Figures/event_study/id_213_event_study.pdf","PASS","exists","C:/Users/victo/OneDrive/Pesquisas/replication_analysis/Replication Package/health_did_replication/Figures/event_study/id_213_event_study.pdf"
"latex","overleaf Figures/honestdid/id_213_honest_did_v3.pdf","PASS","exists","C:/Users/victo/OneDrive/Pesquisas/replication_analysis/Replication Package/overleaf/Figures/honestdid/id_213_honest_did_v3.pdf"
"latex","working-paper Figures/honestdid/id_213_honest_did_v3.pdf","PASS","exists","C:/Users/victo/OneDrive/Pesquisas/replication_analysis/Replication Package/health_did_replication/Figures/honestdid/id_213_honest_did_v3.pdf"
"latex","overleaf Figures/honestdid/id_228_honest_did_v3.pdf","PASS","exists","C:/Users/victo/OneDrive/Pesquisas/replication_analysis/Replication Package/overleaf/Figures/honestdid/id_228_honest_did_v3.pdf"
"latex","working-paper Figures/honestdid/id_228_honest_did_v3.pdf","PASS","exists","C:/Users/victo/OneDrive/Pesquisas/replication_analysis/Replication Package/health_did_replication/Figures/honestdid/id_228_honest_did_v3.pdf"
"latex","overleaf Figures/event_study/id_233_event_study.pdf","PASS","exists","C:/Users/victo/OneDrive/Pesquisas/replication_analysis/Replication Package/overleaf/Figures/event_study/id_233_event_study.pdf"
"latex","working-paper Figures/event_study/id_233_event_study.pdf","PASS","exists","C:/Users/victo/OneDrive/Pesquisas/replication_analysis/Replication Package/health_did_replication/Figures/event_study/id_233_event_study.pdf"
"latex","overleaf Figures/honestdid/id_233_honest_did_v3.pdf","PASS","exists","C:/Users/victo/OneDrive/Pesquisas/replication_analysis/Replication Package/overleaf/Figures/honestdid/id_233_honest_did_v3.pdf"
"latex","working-paper Figures/honestdid/id_233_honest_did_v3.pdf","PASS","exists","C:/Users/victo/OneDrive/Pesquisas/replication_analysis/Replication Package/health_did_replication/Figures/honestdid/id_233_honest_did_v3.pdf"
"latex","overleaf Figures/event_study/id_241_event_study.pdf","PASS","exists","C:/Users/victo/OneDrive/Pesquisas/replication_analysis/Replication Package/overleaf/Figures/event_study/id_241_event_study.pdf"
"latex","working-paper Figures/event_study/id_241_event_study.pdf","PASS","exists","C:/Users/victo/OneDrive/Pesquisas/replication_analysis/Replication Package/health_did_replication/Figures/event_study/id_241_event_study.pdf"
"latex","overleaf Figures/honestdid/id_241_honest_did_v3.pdf","PASS","exists","C:/Users/victo/OneDrive/Pesquisas/replication_analysis/Replication Package/overleaf/Figures/honestdid/id_241_honest_did_v3.pdf"
"latex","working-paper Figures/honestdid/id_241_honest_did_v3.pdf","PASS","exists","C:/Users/victo/OneDrive/Pesquisas/replication_analysis/Replication Package/health_did_replication/Figures/honestdid/id_241_honest_did_v3.pdf"
"latex","overleaf Figures/event_study/id_253_event_study.pdf","PASS","exists","C:/Users/victo/OneDrive/Pesquisas/replication_analysis/Replication Package/overleaf/Figures/event_study/id_253_event_study.pdf"
"latex","working-paper Figures/event_study/id_253_event_study.pdf","PASS","exists","C:/Users/victo/OneDrive/Pesquisas/replication_analysis/Replication Package/health_did_replication/Figures/event_study/id_253_event_study.pdf"
"latex","overleaf Figures/honestdid/id_253_honest_did_v3.pdf","PASS","exists","C:/Users/victo/OneDrive/Pesquisas/replication_analysis/Replication Package/overleaf/Figures/honestdid/id_253_honest_did_v3.pdf"
"latex","working-paper Figures/honestdid/id_253_honest_did_v3.pdf","PASS","exists","C:/Users/victo/OneDrive/Pesquisas/replication_analysis/Replication Package/health_did_replication/Figures/honestdid/id_253_honest_did_v3.pdf"
"latex","overleaf Figures/event_study/id_254_event_study.pdf","PASS","exists","C:/Users/victo/OneDrive/Pesquisas/replication_analysis/Replication Package/overleaf/Figures/event_study/id_254_event_study.pdf"
"latex","working-paper Figures/event_study/id_254_event_study.pdf","PASS","exists","C:/Users/victo/OneDrive/Pesquisas/replication_analysis/Replication Package/health_did_replication/Figures/event_study/id_254_event_study.pdf"
"latex","overleaf Figures/honestdid/id_254_honest_did_v3.pdf","PASS","exists","C:/Users/victo/OneDrive/Pesquisas/replication_analysis/Replication Package/overleaf/Figures/honestdid/id_254_honest_did_v3.pdf"
"latex","working-paper Figures/honestdid/id_254_honest_did_v3.pdf","PASS","exists","C:/Users/victo/OneDrive/Pesquisas/replication_analysis/Replication Package/health_did_replication/Figures/honestdid/id_254_honest_did_v3.pdf"
"latex","overleaf Figures/event_study/id_262_event_study.pdf","PASS","exists","C:/Users/victo/OneDrive/Pesquisas/replication_analysis/Replication Package/overleaf/Figures/event_study/id_262_event_study.pdf"
"latex","working-paper Figures/event_study/id_262_event_study.pdf","PASS","exists","C:/Users/victo/OneDrive/Pesquisas/replication_analysis/Replication Package/health_did_replication/Figures/event_study/id_262_event_study.pdf"
"latex","overleaf Figures/honestdid/id_262_honest_did_v3.pdf","PASS","exists","C:/Users/victo/OneDrive/Pesquisas/replication_analysis/Replication Package/overleaf/Figures/honestdid/id_262_honest_did_v3.pdf"
"latex","working-paper Figures/honestdid/id_262_honest_did_v3.pdf","PASS","exists","C:/Users/victo/OneDrive/Pesquisas/replication_analysis/Replication Package/health_did_replication/Figures/honestdid/id_262_honest_did_v3.pdf"
"latex","overleaf Figures/event_study/id_263_event_study.pdf","PASS","exists","C:/Users/victo/OneDrive/Pesquisas/replication_analysis/Replication Package/overleaf/Figures/event_study/id_263_event_study.pdf"
"latex","working-paper Figures/event_study/id_263_event_study.pdf","PASS","exists","C:/Users/victo/OneDrive/Pesquisas/replication_analysis/Replication Package/health_did_replication/Figures/event_study/id_263_event_study.pdf"
"latex","overleaf Figures/honestdid/id_263_honest_did_v3.pdf","PASS","exists","C:/Users/victo/OneDrive/Pesquisas/replication_analysis/Replication Package/overleaf/Figures/honestdid/id_263_honest_did_v3.pdf"
"latex","working-paper Figures/honestdid/id_263_honest_did_v3.pdf","PASS","exists","C:/Users/victo/OneDrive/Pesquisas/replication_analysis/Replication Package/health_did_replication/Figures/honestdid/id_263_honest_did_v3.pdf"
"latex","overleaf Figures/event_study/id_267_event_study.pdf","PASS","exists","C:/Users/victo/OneDrive/Pesquisas/replication_analysis/Replication Package/overleaf/Figures/event_study/id_267_event_study.pdf"
"latex","working-paper Figures/event_study/id_267_event_study.pdf","PASS","exists","C:/Users/victo/OneDrive/Pesquisas/replication_analysis/Replication Package/health_did_replication/Figures/event_study/id_267_event_study.pdf"
"latex","overleaf Figures/honestdid/id_267_honest_did_v3.pdf","PASS","exists","C:/Users/victo/OneDrive/Pesquisas/replication_analysis/Replication Package/overleaf/Figures/honestdid/id_267_honest_did_v3.pdf"
"latex","working-paper Figures/honestdid/id_267_honest_did_v3.pdf","PASS","exists","C:/Users/victo/OneDrive/Pesquisas/replication_analysis/Replication Package/health_did_replication/Figures/honestdid/id_267_honest_did_v3.pdf"
"latex","overleaf Figures/event_study/id_271_event_study.pdf","PASS","exists","C:/Users/victo/OneDrive/Pesquisas/replication_analysis/Replication Package/overleaf/Figures/event_study/id_271_event_study.pdf"
"latex","working-paper Figures/event_study/id_271_event_study.pdf","PASS","exists","C:/Users/victo/OneDrive/Pesquisas/replication_analysis/Replication Package/health_did_replication/Figures/event_study/id_271_event_study.pdf"
"latex","overleaf Figures/event_study/id_281_event_study.pdf","PASS","exists","C:/Users/victo/OneDrive/Pesquisas/replication_analysis/Replication Package/overleaf/Figures/event_study/id_281_event_study.pdf"
"latex","working-paper Figures/event_study/id_281_event_study.pdf","PASS","exists","C:/Users/victo/OneDrive/Pesquisas/replication_analysis/Replication Package/health_did_replication/Figures/event_study/id_281_event_study.pdf"
"latex","overleaf Figures/honestdid/id_281_honest_did_v3.pdf","PASS","exists","C:/Users/victo/OneDrive/Pesquisas/replication_analysis/Replication Package/overleaf/Figures/honestdid/id_281_honest_did_v3.pdf"
"latex","working-paper Figures/honestdid/id_281_honest_did_v3.pdf","PASS","exists","C:/Users/victo/OneDrive/Pesquisas/replication_analysis/Replication Package/health_did_replication/Figures/honestdid/id_281_honest_did_v3.pdf"
"latex","overleaf Figures/event_study/id_290_event_study.pdf","PASS","exists","C:/Users/victo/OneDrive/Pesquisas/replication_analysis/Replication Package/overleaf/Figures/event_study/id_290_event_study.pdf"
"latex","working-paper Figures/event_study/id_290_event_study.pdf","PASS","exists","C:/Users/victo/OneDrive/Pesquisas/replication_analysis/Replication Package/health_did_replication/Figures/event_study/id_290_event_study.pdf"
"latex","overleaf Figures/honestdid/id_290_honest_did_v3.pdf","PASS","exists","C:/Users/victo/OneDrive/Pesquisas/replication_analysis/Replication Package/overleaf/Figures/honestdid/id_290_honest_did_v3.pdf"
"latex","working-paper Figures/honestdid/id_290_honest_did_v3.pdf","PASS","exists","C:/Users/victo/OneDrive/Pesquisas/replication_analysis/Replication Package/health_did_replication/Figures/honestdid/id_290_honest_did_v3.pdf"
"latex","overleaf Figures/event_study/id_305_event_study.pdf","PASS","exists","C:/Users/victo/OneDrive/Pesquisas/replication_analysis/Replication Package/overleaf/Figures/event_study/id_305_event_study.pdf"
"latex","working-paper Figures/event_study/id_305_event_study.pdf","PASS","exists","C:/Users/victo/OneDrive/Pesquisas/replication_analysis/Replication Package/health_did_replication/Figures/event_study/id_305_event_study.pdf"
"latex","overleaf Figures/honestdid/id_305_honest_did_v3.pdf","PASS","exists","C:/Users/victo/OneDrive/Pesquisas/replication_analysis/Replication Package/overleaf/Figures/honestdid/id_305_honest_did_v3.pdf"
"latex","working-paper Figures/honestdid/id_305_honest_did_v3.pdf","PASS","exists","C:/Users/victo/OneDrive/Pesquisas/replication_analysis/Replication Package/health_did_replication/Figures/honestdid/id_305_honest_did_v3.pdf"
"latex","overleaf Figures/event_study/id_309_event_study.pdf","PASS","exists","C:/Users/victo/OneDrive/Pesquisas/replication_analysis/Replication Package/overleaf/Figures/event_study/id_309_event_study.pdf"
"latex","working-paper Figures/event_study/id_309_event_study.pdf","PASS","exists","C:/Users/victo/OneDrive/Pesquisas/replication_analysis/Replication Package/health_did_replication/Figures/event_study/id_309_event_study.pdf"
"latex","overleaf Figures/honestdid/id_309_honest_did_v3.pdf","PASS","exists","C:/Users/victo/OneDrive/Pesquisas/replication_analysis/Replication Package/overleaf/Figures/honestdid/id_309_honest_did_v3.pdf"
"latex","working-paper Figures/honestdid/id_309_honest_did_v3.pdf","PASS","exists","C:/Users/victo/OneDrive/Pesquisas/replication_analysis/Replication Package/health_did_replication/Figures/honestdid/id_309_honest_did_v3.pdf"
"latex","overleaf Figures/event_study/id_311_event_study.pdf","PASS","exists","C:/Users/victo/OneDrive/Pesquisas/replication_analysis/Replication Package/overleaf/Figures/event_study/id_311_event_study.pdf"
"latex","working-paper Figures/event_study/id_311_event_study.pdf","PASS","exists","C:/Users/victo/OneDrive/Pesquisas/replication_analysis/Replication Package/health_did_replication/Figures/event_study/id_311_event_study.pdf"
"latex","overleaf Figures/honestdid/id_311_honest_did_v3.pdf","PASS","exists","C:/Users/victo/OneDrive/Pesquisas/replication_analysis/Replication Package/overleaf/Figures/honestdid/id_311_honest_did_v3.pdf"
"latex","working-paper Figures/honestdid/id_311_honest_did_v3.pdf","PASS","exists","C:/Users/victo/OneDrive/Pesquisas/replication_analysis/Replication Package/health_did_replication/Figures/honestdid/id_311_honest_did_v3.pdf"
"latex","overleaf Figures/event_study/id_321_event_study.pdf","PASS","exists","C:/Users/victo/OneDrive/Pesquisas/replication_analysis/Replication Package/overleaf/Figures/event_study/id_321_event_study.pdf"
"latex","working-paper Figures/event_study/id_321_event_study.pdf","PASS","exists","C:/Users/victo/OneDrive/Pesquisas/replication_analysis/Replication Package/health_did_replication/Figures/event_study/id_321_event_study.pdf"
"latex","overleaf Figures/honestdid/id_321_honest_did_v3.pdf","PASS","exists","C:/Users/victo/OneDrive/Pesquisas/replication_analysis/Replication Package/overleaf/Figures/honestdid/id_321_honest_did_v3.pdf"
"latex","working-paper Figures/honestdid/id_321_honest_did_v3.pdf","PASS","exists","C:/Users/victo/OneDrive/Pesquisas/replication_analysis/Replication Package/health_did_replication/Figures/honestdid/id_321_honest_did_v3.pdf"
"latex","overleaf Figures/event_study/id_323_event_study.pdf","PASS","exists","C:/Users/victo/OneDrive/Pesquisas/replication_analysis/Replication Package/overleaf/Figures/event_study/id_323_event_study.pdf"
"latex","working-paper Figures/event_study/id_323_event_study.pdf","PASS","exists","C:/Users/victo/OneDrive/Pesquisas/replication_analysis/Replication Package/health_did_replication/Figures/event_study/id_323_event_study.pdf"
"latex","overleaf Figures/honestdid/id_323_honest_did_v3.pdf","PASS","exists","C:/Users/victo/OneDrive/Pesquisas/replication_analysis/Replication Package/overleaf/Figures/honestdid/id_323_honest_did_v3.pdf"
"latex","working-paper Figures/honestdid/id_323_honest_did_v3.pdf","PASS","exists","C:/Users/victo/OneDrive/Pesquisas/replication_analysis/Replication Package/health_did_replication/Figures/honestdid/id_323_honest_did_v3.pdf"
"latex","overleaf Figures/event_study/id_333_event_study.pdf","PASS","exists","C:/Users/victo/OneDrive/Pesquisas/replication_analysis/Replication Package/overleaf/Figures/event_study/id_333_event_study.pdf"
"latex","working-paper Figures/event_study/id_333_event_study.pdf","PASS","exists","C:/Users/victo/OneDrive/Pesquisas/replication_analysis/Replication Package/health_did_replication/Figures/event_study/id_333_event_study.pdf"
"latex","overleaf Figures/honestdid/id_333_honest_did_v3.pdf","PASS","exists","C:/Users/victo/OneDrive/Pesquisas/replication_analysis/Replication Package/overleaf/Figures/honestdid/id_333_honest_did_v3.pdf"
"latex","working-paper Figures/honestdid/id_333_honest_did_v3.pdf","PASS","exists","C:/Users/victo/OneDrive/Pesquisas/replication_analysis/Replication Package/health_did_replication/Figures/honestdid/id_333_honest_did_v3.pdf"
"latex","overleaf Figures/event_study/id_335_event_study.pdf","PASS","exists","C:/Users/victo/OneDrive/Pesquisas/replication_analysis/Replication Package/overleaf/Figures/event_study/id_335_event_study.pdf"
"latex","working-paper Figures/event_study/id_335_event_study.pdf","PASS","exists","C:/Users/victo/OneDrive/Pesquisas/replication_analysis/Replication Package/health_did_replication/Figures/event_study/id_335_event_study.pdf"
"latex","overleaf Figures/honestdid/id_335_honest_did_v3.pdf","PASS","exists","C:/Users/victo/OneDrive/Pesquisas/replication_analysis/Replication Package/overleaf/Figures/honestdid/id_335_honest_did_v3.pdf"
"latex","working-paper Figures/honestdid/id_335_honest_did_v3.pdf","PASS","exists","C:/Users/victo/OneDrive/Pesquisas/replication_analysis/Replication Package/health_did_replication/Figures/honestdid/id_335_honest_did_v3.pdf"
"latex","overleaf Figures/event_study/id_347_event_study.pdf","PASS","exists","C:/Users/victo/OneDrive/Pesquisas/replication_analysis/Replication Package/overleaf/Figures/event_study/id_347_event_study.pdf"
"latex","working-paper Figures/event_study/id_347_event_study.pdf","PASS","exists","C:/Users/victo/OneDrive/Pesquisas/replication_analysis/Replication Package/health_did_replication/Figures/event_study/id_347_event_study.pdf"
"latex","overleaf Figures/honestdid/id_347_honest_did_v3.pdf","PASS","exists","C:/Users/victo/OneDrive/Pesquisas/replication_analysis/Replication Package/overleaf/Figures/honestdid/id_347_honest_did_v3.pdf"
"latex","working-paper Figures/honestdid/id_347_honest_did_v3.pdf","PASS","exists","C:/Users/victo/OneDrive/Pesquisas/replication_analysis/Replication Package/health_did_replication/Figures/honestdid/id_347_honest_did_v3.pdf"
"latex","overleaf Figures/event_study/id_359_event_study.pdf","PASS","exists","C:/Users/victo/OneDrive/Pesquisas/replication_analysis/Replication Package/overleaf/Figures/event_study/id_359_event_study.pdf"
"latex","working-paper Figures/event_study/id_359_event_study.pdf","PASS","exists","C:/Users/victo/OneDrive/Pesquisas/replication_analysis/Replication Package/health_did_replication/Figures/event_study/id_359_event_study.pdf"
"latex","overleaf Figures/honestdid/id_359_honest_did_v3.pdf","PASS","exists","C:/Users/victo/OneDrive/Pesquisas/replication_analysis/Replication Package/overleaf/Figures/honestdid/id_359_honest_did_v3.pdf"
"latex","working-paper Figures/honestdid/id_359_honest_did_v3.pdf","PASS","exists","C:/Users/victo/OneDrive/Pesquisas/replication_analysis/Replication Package/health_did_replication/Figures/honestdid/id_359_honest_did_v3.pdf"
"latex","overleaf Figures/event_study/id_395_event_study.pdf","PASS","exists","C:/Users/victo/OneDrive/Pesquisas/replication_analysis/Replication Package/overleaf/Figures/event_study/id_395_event_study.pdf"
"latex","working-paper Figures/event_study/id_395_event_study.pdf","PASS","exists","C:/Users/victo/OneDrive/Pesquisas/replication_analysis/Replication Package/health_did_replication/Figures/event_study/id_395_event_study.pdf"
"latex","overleaf Figures/honestdid/id_395_honest_did_v3.pdf","PASS","exists","C:/Users/victo/OneDrive/Pesquisas/replication_analysis/Replication Package/overleaf/Figures/honestdid/id_395_honest_did_v3.pdf"
"latex","working-paper Figures/honestdid/id_395_honest_did_v3.pdf","PASS","exists","C:/Users/victo/OneDrive/Pesquisas/replication_analysis/Replication Package/health_did_replication/Figures/honestdid/id_395_honest_did_v3.pdf"
"latex","overleaf Figures/event_study/id_401_event_study.pdf","PASS","exists","C:/Users/victo/OneDrive/Pesquisas/replication_analysis/Replication Package/overleaf/Figures/event_study/id_401_event_study.pdf"
"latex","working-paper Figures/event_study/id_401_event_study.pdf","PASS","exists","C:/Users/victo/OneDrive/Pesquisas/replication_analysis/Replication Package/health_did_replication/Figures/event_study/id_401_event_study.pdf"
"latex","overleaf Figures/honestdid/id_401_honest_did_v3.pdf","PASS","exists","C:/Users/victo/OneDrive/Pesquisas/replication_analysis/Replication Package/overleaf/Figures/honestdid/id_401_honest_did_v3.pdf"
"latex","working-paper Figures/honestdid/id_401_honest_did_v3.pdf","PASS","exists","C:/Users/victo/OneDrive/Pesquisas/replication_analysis/Replication Package/health_did_replication/Figures/honestdid/id_401_honest_did_v3.pdf"
"latex","overleaf Figures/event_study/id_419_event_study.pdf","PASS","exists","C:/Users/victo/OneDrive/Pesquisas/replication_analysis/Replication Package/overleaf/Figures/event_study/id_419_event_study.pdf"
"latex","working-paper Figures/event_study/id_419_event_study.pdf","PASS","exists","C:/Users/victo/OneDrive/Pesquisas/replication_analysis/Replication Package/health_did_replication/Figures/event_study/id_419_event_study.pdf"
"latex","overleaf Figures/event_study/id_420_event_study.pdf","PASS","exists","C:/Users/victo/OneDrive/Pesquisas/replication_analysis/Replication Package/overleaf/Figures/event_study/id_420_event_study.pdf"
"latex","working-paper Figures/event_study/id_420_event_study.pdf","PASS","exists","C:/Users/victo/OneDrive/Pesquisas/replication_analysis/Replication Package/health_did_replication/Figures/event_study/id_420_event_study.pdf"
"latex","overleaf Figures/honestdid/id_420_honest_did_v3.pdf","PASS","exists","C:/Users/victo/OneDrive/Pesquisas/replication_analysis/Replication Package/overleaf/Figures/honestdid/id_420_honest_did_v3.pdf"
"latex","working-paper Figures/honestdid/id_420_honest_did_v3.pdf","PASS","exists","C:/Users/victo/OneDrive/Pesquisas/replication_analysis/Replication Package/health_did_replication/Figures/honestdid/id_420_honest_did_v3.pdf"
"latex","overleaf Figures/event_study/id_432_event_study.pdf","PASS","exists","C:/Users/victo/OneDrive/Pesquisas/replication_analysis/Replication Package/overleaf/Figures/event_study/id_432_event_study.pdf"
"latex","working-paper Figures/event_study/id_432_event_study.pdf","PASS","exists","C:/Users/victo/OneDrive/Pesquisas/replication_analysis/Replication Package/health_did_replication/Figures/event_study/id_432_event_study.pdf"
"latex","overleaf Figures/honestdid/id_432_honest_did_v3.pdf","PASS","exists","C:/Users/victo/OneDrive/Pesquisas/replication_analysis/Replication Package/overleaf/Figures/honestdid/id_432_honest_did_v3.pdf"
"latex","working-paper Figures/honestdid/id_432_honest_did_v3.pdf","PASS","exists","C:/Users/victo/OneDrive/Pesquisas/replication_analysis/Replication Package/health_did_replication/Figures/honestdid/id_432_honest_did_v3.pdf"
"latex","overleaf Figures/event_study/id_433_event_study.pdf","PASS","exists","C:/Users/victo/OneDrive/Pesquisas/replication_analysis/Replication Package/overleaf/Figures/event_study/id_433_event_study.pdf"
"latex","working-paper Figures/event_study/id_433_event_study.pdf","PASS","exists","C:/Users/victo/OneDrive/Pesquisas/replication_analysis/Replication Package/health_did_replication/Figures/event_study/id_433_event_study.pdf"
"latex","overleaf Figures/honestdid/id_433_honest_did_v3.pdf","PASS","exists","C:/Users/victo/OneDrive/Pesquisas/replication_analysis/Replication Package/overleaf/Figures/honestdid/id_433_honest_did_v3.pdf"
"latex","working-paper Figures/honestdid/id_433_honest_did_v3.pdf","PASS","exists","C:/Users/victo/OneDrive/Pesquisas/replication_analysis/Replication Package/health_did_replication/Figures/honestdid/id_433_honest_did_v3.pdf"
"latex","overleaf Figures/event_study/id_437_event_study.pdf","PASS","exists","C:/Users/victo/OneDrive/Pesquisas/replication_analysis/Replication Package/overleaf/Figures/event_study/id_437_event_study.pdf"
"latex","working-paper Figures/event_study/id_437_event_study.pdf","PASS","exists","C:/Users/victo/OneDrive/Pesquisas/replication_analysis/Replication Package/health_did_replication/Figures/event_study/id_437_event_study.pdf"
"latex","overleaf Figures/honestdid/id_437_honest_did_v3.pdf","PASS","exists","C:/Users/victo/OneDrive/Pesquisas/replication_analysis/Replication Package/overleaf/Figures/honestdid/id_437_honest_did_v3.pdf"
"latex","working-paper Figures/honestdid/id_437_honest_did_v3.pdf","PASS","exists","C:/Users/victo/OneDrive/Pesquisas/replication_analysis/Replication Package/health_did_replication/Figures/honestdid/id_437_honest_did_v3.pdf"
"latex","overleaf Figures/event_study/id_744_event_study.pdf","PASS","exists","C:/Users/victo/OneDrive/Pesquisas/replication_analysis/Replication Package/overleaf/Figures/event_study/id_744_event_study.pdf"
"latex","working-paper Figures/event_study/id_744_event_study.pdf","PASS","exists","C:/Users/victo/OneDrive/Pesquisas/replication_analysis/Replication Package/health_did_replication/Figures/event_study/id_744_event_study.pdf"
"latex","overleaf Figures/honestdid/id_744_honest_did_v3.pdf","PASS","exists","C:/Users/victo/OneDrive/Pesquisas/replication_analysis/Replication Package/overleaf/Figures/honestdid/id_744_honest_did_v3.pdf"
"latex","working-paper Figures/honestdid/id_744_honest_did_v3.pdf","PASS","exists","C:/Users/victo/OneDrive/Pesquisas/replication_analysis/Replication Package/health_did_replication/Figures/honestdid/id_744_honest_did_v3.pdf"
"latex","overleaf Figures/event_study/id_1094_event_study.pdf","PASS","exists","C:/Users/victo/OneDrive/Pesquisas/replication_analysis/Replication Package/overleaf/Figures/event_study/id_1094_event_study.pdf"
"latex","working-paper Figures/event_study/id_1094_event_study.pdf","PASS","exists","C:/Users/victo/OneDrive/Pesquisas/replication_analysis/Replication Package/health_did_replication/Figures/event_study/id_1094_event_study.pdf"
"latex","overleaf Figures/honestdid/id_1094_honest_did_v3.pdf","PASS","exists","C:/Users/victo/OneDrive/Pesquisas/replication_analysis/Replication Package/overleaf/Figures/honestdid/id_1094_honest_did_v3.pdf"
"latex","working-paper Figures/honestdid/id_1094_honest_did_v3.pdf","PASS","exists","C:/Users/victo/OneDrive/Pesquisas/replication_analysis/Replication Package/health_did_replication/Figures/honestdid/id_1094_honest_did_v3.pdf"
"latex","overleaf Figures/event_study/id_2303_event_study.pdf","PASS","exists","C:/Users/victo/OneDrive/Pesquisas/replication_analysis/Replication Package/overleaf/Figures/event_study/id_2303_event_study.pdf"
"latex","working-paper Figures/event_study/id_2303_event_study.pdf","PASS","exists","C:/Users/victo/OneDrive/Pesquisas/replication_analysis/Replication Package/health_did_replication/Figures/event_study/id_2303_event_study.pdf"
"latex","overleaf Figures/honestdid/id_2303_honest_did_v3.pdf","PASS","exists","C:/Users/victo/OneDrive/Pesquisas/replication_analysis/Replication Package/overleaf/Figures/honestdid/id_2303_honest_did_v3.pdf"
"latex","working-paper Figures/honestdid/id_2303_honest_did_v3.pdf","PASS","exists","C:/Users/victo/OneDrive/Pesquisas/replication_analysis/Replication Package/health_did_replication/Figures/honestdid/id_2303_honest_did_v3.pdf"
"documentation","README.md","PASS","exists","C:/Users/victo/OneDrive/Pesquisas/replication_analysis/Replication Package/README.md"
"documentation","data_availability_statement.md","PASS","exists","C:/Users/victo/OneDrive/Pesquisas/replication_analysis/Replication Package/data_availability_statement.md"
"documentation","README PDF required by AEA/DCAS","PASS","exists","C:/Users/victo/OneDrive/Pesquisas/replication_analysis/Replication Package/README.pdf"
"documentation","source links filled","WARN","56 placeholder source links remain","C:/Users/victo/OneDrive/Pesquisas/replication_analysis/Replication Package/data_availability_statement.md"
"documentation","README Figure 4.8 mapping","PASS","README should map Figure 4.8 to Lesson 8 MVPF panels, not the old ID 133 panel.","C:/Users/victo/OneDrive/Pesquisas/replication_analysis/Replication Package/README.md"
